data_type,sparsity_percent,topology,mode,num_nodes,is_dag,nmse_global,mse_global,rmse_global,snr_global,peak_snr_global,mean_nmse_per_node,std_nmse_per_node,consensus_error,fit_time,ssim,gmsd,fsim,vif
complex_signal,10,graph_00_DAG_adj.txt,general,5,True,6607.6851866053385,0.08902763898049965,0.29837499724423905,-38.20049343486504,-37.89333098696443,33409.80485498594,52849.34478040117,571814.7294444495,63.290443897247314,,,,
complex_signal,10,graph_00_DAG_adj.txt,dag,5,True,6873.552271576911,0.09887758346180772,0.31444806162832,-38.371812397132956,-38.235968911500265,34724.120870071274,55446.79867536584,602157.5238733965,68.2541332244873,,,,
complex_signal,10,graph_01_DAG_adj.txt,general,5,True,6607.6851866053385,0.08902763898049965,0.29837499724423905,-38.20049343486504,-37.89333098696443,33409.80485498594,52849.34478040117,571814.7294444495,64.61689400672913,,,,
complex_signal,10,graph_01_DAG_adj.txt,dag,5,True,6873.552271576911,0.09887758346180772,0.31444806162832,-38.371812397132956,-38.235968911500265,34724.120870071274,55446.79867536584,602157.5238733965,82.74940490722656,,,,
complex_signal,10,graph_02_DAG_adj.txt,general,10,True,16226302.494075106,0.08465424953210098,0.29095403336627074,-72.10219567924534,-105.69673547572503,152298906.69544047,285696358.276657,4925221949.358604,63.532299518585205,,,,
complex_signal,10,graph_02_DAG_adj.txt,dag,10,True,16230005.166087855,0.08459035263618665,0.2908442068121465,-72.10318658064254,-105.69871727851941,152327978.00089607,285721063.4010331,4925421872.085543,43.90777897834778,,,,
complex_signal,10,graph_03_DAG_adj.txt,general,15,True,114.63995049064954,0.0649028326851143,0.25476034362732813,-20.59335989831347,-2.6790639138612886,1741.0407984507733,5872.313517140249,94620.27202976956,37.7342209815979,,,,
complex_signal,10,graph_03_DAG_adj.txt,dag,15,True,115.17172801999034,0.06474967874147992,0.2544595817442918,-20.613458829776977,-2.7192617767883127,1744.689005071739,5905.929028662968,95390.21294017359,43.76476812362671,,,,
complex_signal,10,graph_04_DAG_adj.txt,general,15,True,113.62231341588428,0.0630152501732366,0.2510283851942577,-20.554636275175877,-2.6016166675861037,1693.9739596864542,5935.3884225237325,95991.86677311648,38.76032829284668,,,,
complex_signal,10,graph_04_DAG_adj.txt,dag,15,True,115.17172801999034,0.06474967874147992,0.2544595817442918,-20.613458829776977,-2.7192617767883127,1744.689005071739,5905.929028662968,95390.21294017359,42.59310984611511,,,,
complex_signal,10,graph_05_DAG_adj.txt,general,20,True,71047.02011349348,0.08192722139223997,0.28622931609504987,-48.51545867268331,-58.52326146260096,1484673.1482509566,5146377.813281386,92799658.04538758,37.788414478302,,,,
complex_signal,10,graph_05_DAG_adj.txt,dag,20,True,71039.10669361302,0.0818964975627685,0.2861756411065912,-48.51497491615227,-58.522293949538884,1484884.7371068234,5146596.828590566,92815471.76236305,44.0123815536499,,,,
complex_signal,10,graph_06_DAG_adj.txt,general,25,True,463730.8148076988,0.013917106551537408,0.11797078685648159,-56.662659556247156,-74.81766322972865,11603472.31081993,56812883.16619777,822462001.5247715,38.67955303192139,,,,
complex_signal,10,graph_06_DAG_adj.txt,dag,25,True,463746.6539836213,0.013916766555889894,0.11796934583140611,-56.66280789120801,-74.81795989965038,11603745.743131783,56814244.71306084,822481573.8919158,53.67832136154175,,,,
complex_signal,10,graph_07_Directed_with_Cycles_adj.txt,general,5,False,6608.633874184524,0.08883369165145275,0.29804981404364733,-38.20111692129799,-37.894577959830336,33390.72633815259,52762.40996672202,570437.9157540749,60.867244482040405,,,,
complex_signal,10,graph_08_Directed_with_Cycles_adj.txt,general,5,False,8867879.18268691,0.07367982584288736,0.2714402804354714,-69.47819767589742,-100.44873946902918,44360076.056220055,88637897.32370204,1113720767.8000977,61.43637800216675,,,,
complex_signal,10,graph_09_Directed_with_Cycles_adj.txt,general,10,False,16230257.955796985,0.08459158688957674,0.2908463286506755,-72.10325422345575,-105.69885256414585,152331096.16632393,285732438.57253087,4925556020.194131,35.31891059875488,,,,
complex_signal,10,graph_10_Directed_with_Cycles_adj.txt,general,15,False,112.98654873367136,0.06632225102945861,0.25753106808588866,-20.53026742966015,-2.5528789765546467,1720.6187556682046,5930.9140027525855,96671.99291534093,35.570866107940674,,,,
complex_signal,10,graph_11_Directed_with_Cycles_adj.txt,general,15,False,113.38285710474156,0.06571914901156373,0.25635746334281695,-20.54547396465057,-2.5832920465354796,1716.9721171414708,5913.191938281077,96368.54979179661,36.382659673690796,,,,
complex_signal,10,graph_12_Directed_with_Cycles_adj.txt,general,20,False,71021.89991928432,0.08211692873209772,0.2865605149564359,-48.513922860087476,-58.52018983740932,1484859.2601112039,5146604.178358862,92818718.03897233,38.31264901161194,,,,
complex_signal,10,graph_13_Directed_with_Cycles_adj.txt,general,25,False,463616.5361656174,0.013919586276828148,0.11798129630084656,-56.66158917881297,-74.81552247486029,11600727.136495428,56799310.0996229,822264018.3282672,40.10149955749512,,,,
complex_signal,10,graph_14_Directed_with_Cycles_and_Loops_adj.txt,general,5,False,8867879.18268691,0.07367982584288736,0.2714402804354714,-69.47819767589742,-100.44873946902918,44360076.056220055,88637897.32370204,1113720767.8000977,61.0797975063324,,,,
complex_signal,10,graph_15_Directed_with_Cycles_and_Loops_adj.txt,general,5,False,8867879.18268691,0.07367982584288736,0.2714402804354714,-69.47819767589742,-100.44873946902918,44360076.056220055,88637897.32370204,1113720767.8000977,62.019028663635254,,,,
complex_signal,10,graph_16_Directed_with_Cycles_and_Loops_adj.txt,general,10,False,16227775.316344984,0.0846572309252043,0.29095915679903306,-72.10258985996359,-105.69752383716153,152311680.8967456,285740050.71389467,4925868191.323761,35.977327823638916,,,,
complex_signal,10,graph_17_Directed_with_Cycles_and_Loops_adj.txt,general,15,False,111.62255283039634,0.06541448097773712,0.2557625480357457,-20.47751950697004,-2.447383131174435,1704.439574195352,5881.720941050487,96031.75743180596,36.903337478637695,,,,
complex_signal,10,graph_18_Directed_with_Cycles_and_Loops_adj.txt,general,15,False,113.24835514835233,0.06440293417393542,0.25377733187567286,-20.540319029128447,-2.5729821754912408,1717.0367058040943,5913.0261681054435,96278.66574894825,38.27655744552612,,,,
complex_signal,10,graph_19_Directed_with_Cycles_and_Loops_adj.txt,general,20,False,71021.73890894785,0.08212491472010126,0.28657444882630634,-48.51391301439482,-58.520170146023986,1484859.1986122958,5146604.196142557,92818730.1035987,38.286633253097534,,,,
complex_signal,10,graph_20_Directed_with_Cycles_and_Loops_adj.txt,general,25,False,463621.0927870682,0.01391956372924933,0.1179812007450735,-56.66163186292091,-74.81560784307618,11600724.003275521,56799310.7385312,822263910.747115,40.37520456314087,,,,
complex_signal,10,graph_21_Star_with_Extra_Edges_adj.txt,general,5,False,6608.633874184524,0.08883369165145275,0.29804981404364733,-38.20111692129799,-37.894577959830336,33390.72633815259,52762.40996672202,570437.9157540749,60.99991512298584,,,,
complex_signal,10,graph_22_Star_with_Extra_Edges_adj.txt,general,5,False,6594.493938968223,0.09036379974612524,0.3006057214128255,-38.19181473431084,-37.87597358585603,33371.979617964775,52756.69239686043,569399.1843748408,61.155067920684814,,,,
complex_signal,10,graph_23_Star_with_Extra_Edges_adj.txt,general,10,True,16227865.605092118,0.08465113941936021,0.29094868863660517,-72.10261402334693,-105.69757216392821,152311143.03206322,285732900.8806043,4925817082.526775,35.13853454589844,,,,
complex_signal,10,graph_23_Star_with_Extra_Edges_adj.txt,dag,10,True,16230005.166087855,0.08459035263618665,0.2908442068121465,-72.10318658064254,-105.69871727851941,152327978.00089607,285721063.4010331,4925421872.085543,39.9761598110199,,,,
complex_signal,10,graph_24_Star_with_Extra_Edges_adj.txt,general,15,False,112.70123043051501,0.06285524344909679,0.2507094801739591,-20.5192865753915,-2.530917268017351,1682.6423560137823,5908.6829575472475,95534.42607675391,35.69686269760132,,,,
complex_signal,10,graph_25_Star_with_Extra_Edges_adj.txt,general,15,False,111.35653352679586,0.06491260297889666,0.25477951836616824,-20.467157031068584,-2.4266581793715147,1663.8898622383347,5942.362154986458,96628.58027643217,36.518505811691284,,,,
complex_signal,10,graph_26_Star_with_Extra_Edges_adj.txt,general,20,False,71028.89485885223,0.0817940279314818,0.2859965523069846,-48.51435057521048,-58.52104526765531,1485007.8504618616,5147088.863395537,92829267.54561599,37.12803316116333,,,,
complex_signal,10,graph_27_Star_with_Extra_Edges_adj.txt,general,25,False,463779.5001395745,0.01391497979521109,0.11796177260117402,-56.66311548154872,-74.8185750803318,11604084.605917605,56815808.34230123,822501536.275605,39.95599150657654,,,,
complex_signal,10,graph_28_Leafs_to_Final_Node_adj.txt,general,5,True,6594.493938968223,0.09036379974612524,0.3006057214128255,-38.19181473431084,-37.87597358585603,33371.979617964775,52756.69239686043,569399.1843748408,61.62453746795654,,,,
complex_signal,10,graph_28_Leafs_to_Final_Node_adj.txt,dag,5,True,6873.552271576911,0.09887758346180772,0.31444806162832,-38.371812397132956,-38.235968911500265,34724.120870071274,55446.79867536584,602157.5238733965,68.08781266212463,,,,
complex_signal,10,graph_29_Leafs_to_Final_Node_adj.txt,general,5,True,6594.493938968223,0.09036379974612524,0.3006057214128255,-38.19181473431084,-37.87597358585603,33371.979617964775,52756.69239686043,569399.1843748408,60.734493255615234,,,,
complex_signal,10,graph_29_Leafs_to_Final_Node_adj.txt,dag,5,True,6873.552271576911,0.09887758346180772,0.31444806162832,-38.371812397132956,-38.235968911500265,34724.120870071274,55446.79867536584,602157.5238733965,66.98726177215576,,,,
complex_signal,10,graph_30_Leafs_to_Final_Node_adj.txt,general,10,True,16227865.605092118,0.08465113941936021,0.29094868863660517,-72.10261402334693,-105.69757216392821,152311143.03206322,285732900.8806043,4925817082.526775,34.4119553565979,,,,
complex_signal,10,graph_30_Leafs_to_Final_Node_adj.txt,dag,10,True,16230005.166087855,0.08459035263618665,0.2908442068121465,-72.10318658064254,-105.69871727851941,152327978.00089607,285721063.4010331,4925421872.085543,41.08431887626648,,,,
complex_signal,10,graph_31_Leafs_to_Final_Node_adj.txt,general,15,True,112.98400036529239,0.06638700477843429,0.2576567576805124,-20.530169475096663,-2.5526830674276724,1718.9530449021756,5895.915637987668,95844.23592244815,35.39800000190735,,,,
complex_signal,10,graph_31_Leafs_to_Final_Node_adj.txt,dag,15,True,115.17172801999034,0.06474967874147992,0.2544595817442918,-20.613458829776977,-2.7192617767883127,1744.689005071739,5905.929028662968,95390.21294017359,40.85161638259888,,,,
complex_signal,10,graph_32_Leafs_to_Final_Node_adj.txt,general,15,True,112.98400036529239,0.06638700477843429,0.2576567576805124,-20.530169475096663,-2.5526830674276724,1718.9530449021756,5895.915637987668,95844.23592244815,36.23974967002869,,,,
complex_signal,10,graph_32_Leafs_to_Final_Node_adj.txt,dag,15,True,115.17172801999034,0.06474967874147992,0.2544595817442918,-20.613458829776977,-2.7192617767883127,1744.689005071739,5905.929028662968,95390.21294017359,40.501559257507324,,,,
complex_signal,10,graph_33_Leafs_to_Final_Node_adj.txt,general,20,True,71030.15783958342,0.08213184852324892,0.2865865463053856,-48.514427797401105,-58.521199712036555,1485063.7821675867,5147480.468990085,92832740.01673786,37.73494815826416,,,,
complex_signal,10,graph_33_Leafs_to_Final_Node_adj.txt,dag,20,True,71039.10669361302,0.0818964975627685,0.2861756411065912,-48.51497491615227,-58.522293949538884,1484884.7371068234,5146596.828590566,92815471.76236305,42.38312292098999,,,,
complex_signal,10,graph_34_Leafs_to_Final_Node_adj.txt,general,25,True,463656.9667835733,0.013915974148739747,0.11796598725369846,-56.66196789758868,-74.81627991241172,11600711.413850492,56799313.273595326,822262054.7796131,39.13426494598389,,,,
complex_signal,10,graph_34_Leafs_to_Final_Node_adj.txt,dag,25,True,463746.6539836213,0.013916766555889894,0.11796934583140611,-56.66280789120801,-74.81795989965038,11603745.743131783,56814244.71306084,822481573.8919158,52.27321243286133,,,,
complex_signal,10,graph_35_Tree_with_Leaf_Connections_adj.txt,general,5,True,6608.633874184524,0.08883369165145275,0.29804981404364733,-38.20111692129799,-37.894577959830336,33390.72633815259,52762.40996672202,570437.9157540749,62.6285297870636,,,,
complex_signal,10,graph_35_Tree_with_Leaf_Connections_adj.txt,dag,5,True,6873.552271576911,0.09887758346180772,0.31444806162832,-38.371812397132956,-38.235968911500265,34724.120870071274,55446.79867536584,602157.5238733965,66.45312213897705,,,,
complex_signal,10,graph_36_Tree_with_Leaf_Connections_adj.txt,general,5,False,6608.633874184524,0.08883369165145275,0.29804981404364733,-38.20111692129799,-37.894577959830336,33390.72633815259,52762.40996672202,570437.9157540749,61.20211601257324,,,,
complex_signal,10,graph_37_Tree_with_Leaf_Connections_adj.txt,general,10,False,16228006.177182132,0.08465117465010312,0.29094874918119706,-72.10265164346289,-105.69764740416014,152312676.92805016,285737220.6114005,4925881293.477446,34.643091678619385,,,,
complex_signal,10,graph_38_Tree_with_Leaf_Connections_adj.txt,general,15,False,112.78471378626979,0.06615488149702287,0.25720591264009246,-20.52250241773747,-2.5373489527092943,1712.5541821509678,5897.721809909715,96232.1090731611,35.201570987701416,,,,
complex_signal,10,graph_39_Tree_with_Leaf_Connections_adj.txt,general,15,False,112.78471378626979,0.06615488149702287,0.25720591264009246,-20.52250241773747,-2.5373489527092943,1712.5541821509678,5897.721809909715,96232.1090731611,36.081881284713745,,,,
complex_signal,10,graph_40_Tree_with_Leaf_Connections_adj.txt,general,20,False,71029.28475316179,0.08213416514383007,0.28659058802380455,-48.514374414590606,-58.521092946415564,1485064.7480545486,5147480.190561926,92832694.16761231,36.85894203186035,,,,
complex_signal,10,graph_41_Tree_with_Leaf_Connections_adj.txt,general,25,False,463753.63900369225,0.013917281152466201,0.11797152687181005,-56.66287330478677,-74.81809072680788,11604079.941938085,56815809.29071497,822503707.3466656,39.33145499229431,,,,
complex_signal,10,graph_42_Bidirectional_adj.txt,general,5,False,6607.6851866053385,0.08902763898049965,0.29837499724423905,-38.20049343486504,-37.89333098696443,33409.80485498594,52849.34478040117,571814.7294444495,62.399749517440796,,,,
complex_signal,10,graph_43_Bidirectional_adj.txt,general,5,False,8867280.644620841,0.07352749589041882,0.2711595395526752,-69.47790453866952,-100.4481531945734,44356807.65119459,88631509.42489867,1113640137.16106,60.83649444580078,,,,
complex_signal,10,graph_44_Bidirectional_adj.txt,general,10,False,16229043.764351007,0.08457482770756768,0.2908175161636033,-72.10292931403548,-105.69820274530531,152319126.28273302,285698207.42599416,4925048367.973217,34.70030355453491,,,,
complex_signal,10,graph_45_Bidirectional_adj.txt,general,15,False,115.58166816169897,0.06505769359670018,0.2550640970358239,-20.628889582407005,-2.7501232820483628,1751.9348555824306,5923.040072906768,95622.7415687361,36.953866958618164,,,,
complex_signal,10,graph_46_Bidirectional_adj.txt,general,15,False,116.01562162890785,0.06491336864296646,0.25478102096303495,-20.6451647138597,-2.782673544953751,1752.550951076532,5923.140852296417,95743.2547513389,35.88658428192139,,,,
complex_signal,10,graph_47_Bidirectional_adj.txt,general,20,False,71025.26478828586,0.08212051236099689,0.28656676771914236,-48.51412861485112,-58.52060134693659,1485011.94816535,5147087.681917235,92828867.29609552,38.196558475494385,,,,
complex_signal,10,graph_48_Bidirectional_adj.txt,general,25,False,463607.27643551,0.013919261291308606,0.11797991901721498,-56.66150243708707,-74.81534899140851,11600701.316302998,56799315.352579474,822266541.236111,41.39380407333374,,,,
complex_signal,35,graph_00_DAG_adj.txt,general,5,True,12013.382517144037,0.07050574796762277,0.2655291847756528,-40.796653056295824,-52.02112645295355,57019.17695905677,72589.88920292423,2035191.2438216563,61.80412411689758,,,,
complex_signal,35,graph_00_DAG_adj.txt,dag,5,True,64966428.78629822,0.04926077658881756,0.22194768885667082,-78.12688994192924,-126.68160022422036,325258416.0881864,650245590.0650812,22873054361.49172,66.90471410751343,,,,
complex_signal,35,graph_01_DAG_adj.txt,general,5,True,12013.382517144037,0.07050574796762277,0.2655291847756528,-40.796653056295824,-52.02112645295355,57019.17695905677,72589.88920292423,2035191.2438216563,61.74448084831238,,,,
complex_signal,35,graph_01_DAG_adj.txt,dag,5,True,64966428.78629822,0.04926077658881756,0.22194768885667082,-78.12688994192924,-126.68160022422036,325258416.0881864,650245590.0650812,22873054361.49172,67.0620985031128,,,,
complex_signal,35,graph_02_DAG_adj.txt,general,10,True,64041.179815894946,0.06765031435936689,0.26009674038589353,-48.06459324228102,-66.55700682492396,636880.9313952792,1732489.7693556796,79579596.28327134,36.26758623123169,,,,
complex_signal,35,graph_02_DAG_adj.txt,dag,10,True,84088.9698827121,0.1082296062212129,0.32898268377106554,-49.247390322635844,-68.92260098563358,821999.9870680214,2292244.958044304,103722547.99610266,42.3772497177124,,,,
complex_signal,35,graph_03_DAG_adj.txt,general,15,True,687.2345056734105,0.09673635410467321,0.3110246840761569,-28.371049570620393,-27.16991948160269,10424.780536365932,36882.97458015482,1632513.4152046484,37.02929949760437,,,,
complex_signal,35,graph_03_DAG_adj.txt,dag,15,True,1154.4061562444945,0.08876034140132573,0.2979267383121658,-30.62358634107514,-31.674993022512176,17160.115332719106,43839.93695130215,2417010.3510995735,42.7891001701355,,,,
complex_signal,35,graph_04_DAG_adj.txt,general,15,True,718.7561068653665,0.10329450309695647,0.3213946220722376,-28.565815476686968,-27.55945129373584,10879.339223080258,38562.86662264979,1708591.316207535,37.10012483596802,,,,
complex_signal,35,graph_04_DAG_adj.txt,dag,15,True,1154.4061562444945,0.08876034140132573,0.2979267383121658,-30.62358634107514,-31.674993022512176,17160.115332719106,43839.93695130215,2417010.3510995735,42.977431297302246,,,,
complex_signal,35,graph_05_DAG_adj.txt,general,20,True,7.789325402363726,0.05925410351491091,0.2434216578591784,-8.914998470541898,11.742182718554302,153.08617059570355,309.6411249742389,16866.945679616045,39.19806790351868,,,,
complex_signal,35,graph_05_DAG_adj.txt,dag,20,True,9.027011983406677,0.07393005851982125,0.27190082478694555,-9.555440189883726,10.461299279870644,182.3362502927751,306.59586728593933,17159.479381112735,44.85395574569702,,,,
complex_signal,35,graph_06_DAG_adj.txt,general,25,True,482.96496254955883,0.09193378267925441,0.3032058420928832,-26.839156253201907,-24.106132846765718,12024.66576456716,46828.274360089796,2215021.1064785267,40.72676634788513,,,,
complex_signal,35,graph_06_DAG_adj.txt,dag,25,True,480.6574740188275,0.09143707434445393,0.3023856384560185,-26.818356997946623,-24.064534336255146,12063.321928305535,46715.50608990953,2188224.6106949514,54.51695775985718,,,,
complex_signal,35,graph_07_Directed_with_Cycles_adj.txt,general,5,False,11934.541494252138,0.06679161747436023,0.2584407426749123,-40.76805738772918,-51.96393511582026,57059.18492192352,72598.50854765801,2047200.9494769964,62.20461082458496,,,,
complex_signal,35,graph_08_Directed_with_Cycles_adj.txt,general,5,False,55641.28834939351,0.12385508718856893,0.35193051471642656,-47.45397177332851,-65.33576388701893,279930.64506734035,460458.11790934915,14809276.209373582,62.3925302028656,,,,
complex_signal,35,graph_09_Directed_with_Cycles_adj.txt,general,10,False,82653.34529267185,0.11398357366691317,0.3376145341464333,-49.17260435799135,-68.7730290563446,816702.3161132078,2296214.2984531587,104782996.8601026,36.255823850631714,,,,
complex_signal,35,graph_10_Directed_with_Cycles_adj.txt,general,15,False,679.9915703123851,0.09569418271650365,0.3093447635188022,-28.325035288981372,-27.077890918324655,10298.753654946377,36515.15157140937,1615620.1805888312,37.42858147621155,,,,
complex_signal,35,graph_11_Directed_with_Cycles_adj.txt,general,15,False,709.6361875330421,0.09930047345349398,0.31511977636050387,-28.510357540124964,-27.44853542061183,10701.532966408826,37788.5770502704,1671339.998754424,37.69917702674866,,,,
complex_signal,35,graph_12_Directed_with_Cycles_adj.txt,general,20,False,4.836359676658757,0.05910313951384638,0.24311137265427626,-6.845185915641632,15.881807828354832,86.91291170465304,197.0660670460741,9367.478931975198,40.17586636543274,,,,
complex_signal,35,graph_13_Directed_with_Cycles_adj.txt,general,25,False,481.43595825760514,0.09206065972140753,0.30341499587431,-26.82538524430179,-24.078590828965485,11945.751715274419,46503.52798866632,2200330.87188158,41.6808066368103,,,,
complex_signal,35,graph_14_Directed_with_Cycles_and_Loops_adj.txt,general,5,False,55641.28834939351,0.12385508718856893,0.35193051471642656,-47.45397177332851,-65.33576388701893,279930.64506734035,460458.11790934915,14809276.209373582,62.33073449134827,,,,
complex_signal,35,graph_15_Directed_with_Cycles_and_Loops_adj.txt,general,5,False,55641.28834939351,0.12385508718856893,0.35193051471642656,-47.45397177332851,-65.33576388701893,279930.64506734035,460458.11790934915,14809276.209373582,61.976178884506226,,,,
complex_signal,35,graph_16_Directed_with_Cycles_and_Loops_adj.txt,general,10,False,82735.28891229621,0.11348562480195121,0.3368762752138405,-49.17690787798993,-68.78163609634177,817832.6441683116,2299809.4345868835,104956001.60401538,36.698851346969604,,,,
complex_signal,35,graph_17_Directed_with_Cycles_and_Loops_adj.txt,general,15,False,686.5057946919258,0.09758584481064587,0.312387331386287,-28.366442074024995,-27.160704488411888,10386.4825359444,36891.89091795791,1634475.931709208,37.05693817138672,,,,
complex_signal,35,graph_18_Directed_with_Cycles_and_Loops_adj.txt,general,15,False,713.2516607260626,0.09809010155531905,0.31319339321786316,-28.53242791536019,-27.49267617108229,10773.266503810848,38061.57800377652,1683477.141641843,37.77356457710266,,,,
complex_signal,35,graph_19_Directed_with_Cycles_and_Loops_adj.txt,general,20,False,6.350136406090237,0.08108215951974583,0.28474929239551383,-8.02783054390561,13.516518571826872,123.67766380305889,251.68889966743748,13442.688728391153,40.104087591171265,,,,
complex_signal,35,graph_20_Directed_with_Cycles_and_Loops_adj.txt,general,25,False,481.9090031016003,0.09215111582328013,0.30356402261019033,-26.829650399364464,-24.087121139090833,11951.280832157354,46502.112847412456,2198800.185125124,41.65545988082886,,,,
complex_signal,35,graph_21_Star_with_Extra_Edges_adj.txt,general,5,False,11934.541494252138,0.06679161747436023,0.2584407426749123,-40.76805738772918,-51.96393511582026,57059.18492192352,72598.50854765801,2047200.9494769964,61.8405601978302,,,,
complex_signal,35,graph_22_Star_with_Extra_Edges_adj.txt,general,5,False,50640.4821077728,0.11699020168447401,0.3420383044111785,-47.044978316014934,-64.51777697239177,251485.7629196228,403907.5904290721,12906518.491612647,62.35743951797485,,,,
complex_signal,35,graph_23_Star_with_Extra_Edges_adj.txt,general,10,True,83438.48425138232,0.11027743188690112,0.332080459959482,-49.213664060699635,-68.85514846176117,824843.5416751376,2297487.769308667,104150217.06127122,35.782413482666016,,,,
complex_signal,35,graph_23_Star_with_Extra_Edges_adj.txt,dag,10,True,84088.9698827121,0.1082296062212129,0.32898268377106554,-49.247390322635844,-68.92260098563358,821999.9870680214,2292244.958044304,103722547.99610266,41.79121518135071,,,,
complex_signal,35,graph_24_Star_with_Extra_Edges_adj.txt,general,15,False,1142.3470239504375,0.09073287565840189,0.3012189828984918,-30.57798054604135,-31.583781432444603,17005.240273226762,43316.47333859661,2384488.0306960167,37.31131863594055,,,,
complex_signal,35,graph_25_Star_with_Extra_Edges_adj.txt,general,15,False,723.4893873544856,0.1057160777499254,0.32514008942289074,-28.594321649682712,-27.61646363972732,10908.717153305655,38839.64295560089,1723203.5739430774,36.89923119544983,,,,
complex_signal,35,graph_26_Star_with_Extra_Edges_adj.txt,general,20,False,8.098868132207462,0.06704918545659512,0.2589385746786197,-9.084243277324127,11.403693104989845,164.30163404669128,303.55304968586154,17455.39703056555,39.05912804603577,,,,
complex_signal,35,graph_27_Star_with_Extra_Edges_adj.txt,general,25,False,480.7208831907691,0.09214242088279452,0.30354970084451494,-26.81892988901099,-24.065680118383884,11901.292344070018,46514.27344288518,2205284.5869973255,41.384562492370605,,,,
complex_signal,35,graph_28_Leafs_to_Final_Node_adj.txt,general,5,True,50640.4821077728,0.11699020168447401,0.3420383044111785,-47.044978316014934,-64.51777697239177,251485.7629196228,403907.5904290721,12906518.491612647,61.55205488204956,,,,
complex_signal,35,graph_28_Leafs_to_Final_Node_adj.txt,dag,5,True,64966428.78629822,0.04926077658881756,0.22194768885667082,-78.12688994192924,-126.68160022422036,325258416.0881864,650245590.0650812,22873054361.49172,68.094731092453,,,,
complex_signal,35,graph_29_Leafs_to_Final_Node_adj.txt,general,5,True,50640.4821077728,0.11699020168447401,0.3420383044111785,-47.044978316014934,-64.51777697239177,251485.7629196228,403907.5904290721,12906518.491612647,62.08905863761902,,,,
complex_signal,35,graph_29_Leafs_to_Final_Node_adj.txt,dag,5,True,64966428.78629822,0.04926077658881756,0.22194768885667082,-78.12688994192924,-126.68160022422036,325258416.0881864,650245590.0650812,22873054361.49172,67.89165258407593,,,,
complex_signal,35,graph_30_Leafs_to_Final_Node_adj.txt,general,10,True,83438.48425138232,0.11027743188690112,0.332080459959482,-49.213664060699635,-68.85514846176117,824843.5416751376,2297487.769308667,104150217.06127122,35.59612441062927,,,,
complex_signal,35,graph_30_Leafs_to_Final_Node_adj.txt,dag,10,True,84088.9698827121,0.1082296062212129,0.32898268377106554,-49.247390322635844,-68.92260098563358,821999.9870680214,2292244.958044304,103722547.99610266,41.99751305580139,,,,
complex_signal,35,graph_31_Leafs_to_Final_Node_adj.txt,general,15,True,694.5291766754509,0.09737435377934248,0.3120486400857124,-28.416904948583564,-27.261630237529033,10426.718015529117,36883.43190326415,1633964.0950614116,37.06192088127136,,,,
complex_signal,35,graph_31_Leafs_to_Final_Node_adj.txt,dag,15,True,1154.4061562444945,0.08876034140132573,0.2979267383121658,-30.62358634107514,-31.674993022512176,17160.115332719106,43839.93695130215,2417010.3510995735,42.574124336242676,,,,
complex_signal,35,graph_32_Leafs_to_Final_Node_adj.txt,general,15,True,694.5291766754509,0.09737435377934248,0.3120486400857124,-28.416904948583564,-27.261630237529033,10426.718015529117,36883.43190326415,1633964.0950614116,37.103365659713745,,,,
complex_signal,35,graph_32_Leafs_to_Final_Node_adj.txt,dag,15,True,1154.4061562444945,0.08876034140132573,0.2979267383121658,-30.62358634107514,-31.674993022512176,17160.115332719106,43839.93695130215,2417010.3510995735,42.89207124710083,,,,
complex_signal,35,graph_33_Leafs_to_Final_Node_adj.txt,general,20,True,7.006332950733825,0.07934803752529122,0.28168783702050615,-8.454907717528164,12.66236422458177,134.57499777017617,280.3065711072441,14530.009997307458,38.981539249420166,,,,
complex_signal,35,graph_33_Leafs_to_Final_Node_adj.txt,dag,20,True,9.027011983406677,0.07393005851982125,0.27190082478694555,-9.555440189883726,10.461299279870644,182.3362502927751,306.59586728593933,17159.479381112735,44.2886164188385,,,,
complex_signal,35,graph_34_Leafs_to_Final_Node_adj.txt,general,25,True,484.4620616456961,0.09232836481473,0.3038558289958085,-26.852597730007236,-24.133015800376384,12099.935716652912,47215.76995271981,2230986.75253234,40.3653724193573,,,,
complex_signal,35,graph_34_Leafs_to_Final_Node_adj.txt,dag,25,True,480.6574740188275,0.09143707434445393,0.3023856384560185,-26.818356997946623,-24.064534336255146,12063.321928305535,46715.50608990953,2188224.6106949514,54.88223075866699,,,,
complex_signal,35,graph_35_Tree_with_Leaf_Connections_adj.txt,general,5,True,11934.541494252138,0.06679161747436023,0.2584407426749123,-40.76805738772918,-51.96393511582026,57059.18492192352,72598.50854765801,2047200.9494769964,62.02908945083618,,,,
complex_signal,35,graph_35_Tree_with_Leaf_Connections_adj.txt,dag,5,True,64966428.78629822,0.04926077658881756,0.22194768885667082,-78.12688994192924,-126.68160022422036,325258416.0881864,650245590.0650812,22873054361.49172,67.71212983131409,,,,
complex_signal,35,graph_36_Tree_with_Leaf_Connections_adj.txt,general,5,False,11934.541494252138,0.06679161747436023,0.2584407426749123,-40.76805738772918,-51.96393511582026,57059.18492192352,72598.50854765801,2047200.9494769964,61.55258345603943,,,,
complex_signal,35,graph_37_Tree_with_Leaf_Connections_adj.txt,general,10,False,83457.68149350036,0.1102888641641172,0.33209767262676987,-49.21466315571409,-68.85714665179009,825018.0142188438,2297454.2690472268,104148687.40083338,36.25868463516235,,,,
complex_signal,35,graph_38_Tree_with_Leaf_Connections_adj.txt,general,15,False,694.4223173946455,0.09794085941716833,0.3129550437637463,-28.41623669780182,-27.260293735965554,10419.785117843463,36885.104667389525,1634251.7822948273,36.77736163139343,,,,
complex_signal,35,graph_39_Tree_with_Leaf_Connections_adj.txt,general,15,False,694.4223173946455,0.09794085941716833,0.3129550437637463,-28.41623669780182,-27.260293735965554,10419.785117843463,36885.104667389525,1634251.7822948273,36.95655298233032,,,,
complex_signal,35,graph_40_Tree_with_Leaf_Connections_adj.txt,general,20,False,5.73646018538482,0.09157345203292018,0.3026110573540236,-7.586439836563839,14.39929998651042,101.38266082221784,222.56511696544487,10173.949398243678,38.84544324874878,,,,
complex_signal,35,graph_41_Tree_with_Leaf_Connections_adj.txt,general,25,False,483.8226357476991,0.09239750860887705,0.30396958500625854,-26.846861830633824,-24.12154400162956,12085.53332214534,47189.090145591006,2224655.391178279,40.77053213119507,,,,
complex_signal,35,graph_42_Bidirectional_adj.txt,general,5,False,12013.382517144037,0.07050574796762277,0.2655291847756528,-40.796653056295824,-52.02112645295355,57019.17695905677,72589.88920292423,2035191.2438216563,61.48927164077759,,,,
complex_signal,35,graph_43_Bidirectional_adj.txt,general,5,False,51004.00492039022,0.11025730175575783,0.33205014945902045,-47.07604278971214,-64.5799059197862,253775.2622472961,408318.4171559229,13054839.643317983,61.94631099700928,,,,
complex_signal,35,graph_44_Bidirectional_adj.txt,general,10,False,83885.99577502043,0.09201112332642072,0.3033333534684584,-49.23689464222318,-68.90160962480826,822247.9370211628,2289991.321330086,104666559.29101005,35.89570951461792,,,,
complex_signal,35,graph_45_Bidirectional_adj.txt,general,15,False,1160.8560335900752,0.09033551911871576,0.3005586783287346,-30.64778362982095,-31.723387600003807,17237.349953074918,43811.873024969456,2403060.4722583285,38.06314826011658,,,,
complex_signal,35,graph_46_Bidirectional_adj.txt,general,15,False,699.5576090654142,0.1004001966291525,0.3168599006329966,-28.448234847592406,-27.324290035546714,10625.401428569265,37529.35069980795,1660911.3399156681,37.53299880027771,,,,
complex_signal,35,graph_47_Bidirectional_adj.txt,general,20,False,7.7102985570987155,0.08323991247149198,0.28851327954098055,-8.870711950665344,11.830755758307408,148.0483137111114,288.6618223560547,15947.128862478625,39.82913327217102,,,,
complex_signal,35,graph_48_Bidirectional_adj.txt,general,25,False,483.166201369684,0.09188731169756936,0.3031291996782385,-26.840965467388408,-24.109751275138716,12087.619915601434,46992.36493514324,2214625.611945484,42.144402742385864,,,,
complex_signal,90,graph_00_DAG_adj.txt,general,5,True,1416.8634373992759,0.11701245661553487,0.34207083566936086,-31.51327993337073,-38.71682644626699,7479.11337087756,10888.117518561416,904858.0377723245,62.440760135650635,,,,
complex_signal,90,graph_00_DAG_adj.txt,dag,5,True,1419.3585632831441,0.11250186820423656,0.3354129815678525,-31.520921222961654,-38.73210902544884,7431.774725935323,10862.542703393738,906797.142442598,68.02607131004333,,,,
complex_signal,90,graph_01_DAG_adj.txt,general,5,True,1416.8634373992759,0.11701245661553487,0.34207083566936086,-31.51327993337073,-38.71682644626699,7479.11337087756,10888.117518561416,904858.0377723245,62.017215967178345,,,,
complex_signal,90,graph_01_DAG_adj.txt,dag,5,True,1419.3585632831441,0.11250186820423656,0.3354129815678525,-31.520921222961654,-38.73210902544884,7431.774725935323,10862.542703393738,906797.142442598,67.86140751838684,,,,
complex_signal,90,graph_02_DAG_adj.txt,general,10,True,1.9247765132646493,0.09382745166412734,0.3063126697740845,-2.8438031062866997,18.62212720790107,13.75537833077773,19.563397725608077,2297.482426800389,36.134135484695435,,,,
complex_signal,90,graph_02_DAG_adj.txt,dag,10,True,2.3879019575117475,0.08142244483229244,0.28534618419087443,-3.7801649155878083,16.749403589298847,17.973559742231178,18.904380466641776,2169.5119843053462,42.362417221069336,,,,
complex_signal,90,graph_03_DAG_adj.txt,general,15,True,11.840672865321167,0.07659419359422835,0.27675656016475625,-10.733763825721125,2.842205769032214,169.01795663039834,414.3310326047757,58333.89206620849,37.34791588783264,,,,
complex_signal,90,graph_03_DAG_adj.txt,dag,15,True,11.816486615403514,0.0741438830277048,0.27229374401132467,-10.724883673777768,2.8599660729189305,168.71786846125008,411.51129784421465,57482.65104967736,42.47494983673096,,,,
complex_signal,90,graph_04_DAG_adj.txt,general,15,True,11.929246957435632,0.07410670015350963,0.2722254583126083,-10.766130293742382,2.7774728329897025,170.41052327647319,415.4680582269716,57965.35715527097,37.454657554626465,,,,
complex_signal,90,graph_04_DAG_adj.txt,dag,15,True,11.816486615403514,0.0741438830277048,0.27229374401132467,-10.724883673777768,2.8599660729189305,168.71786846125008,411.51129784421465,57482.65104967736,42.94876313209534,,,,
complex_signal,90,graph_05_DAG_adj.txt,general,20,True,34504.028446837016,0.053823406603967845,0.2319987211257162,-45.37869803192012,-66.44766264336579,690107.4695031808,3007861.19157018,335896014.2805997,39.41763710975647,,,,
complex_signal,90,graph_05_DAG_adj.txt,dag,20,True,34506.941450143226,0.05382517925400977,0.23200254148179017,-45.37906466964867,-66.44839591882288,690107.9570272464,3007861.0797160524,335894319.16597974,44.93005728721619,,,,
complex_signal,90,graph_06_DAG_adj.txt,general,25,True,1.0169706523390574,0.061918688537646094,0.2488346610455346,-0.07308420266788752,24.16356501513869,4.262251159601892,11.624423264529794,1271.0271621990569,40.86178946495056,,,,
complex_signal,90,graph_06_DAG_adj.txt,dag,25,True,1.9842234946008745,0.12081028716874873,0.3475777426256588,-2.9759058767971993,18.357921666880067,30.014740313841852,126.28199204122583,13593.117690725257,54.22567892074585,,,,
complex_signal,90,graph_07_Directed_with_Cycles_adj.txt,general,5,False,1418.9428351225822,0.11706550655504398,0.3421483692128957,-31.519648994103253,-38.729564567732034,7482.4264470849375,10894.37750615692,906802.1511971006,61.70537781715393,,,,
complex_signal,90,graph_08_Directed_with_Cycles_adj.txt,general,5,False,1419.9645652606819,0.1065002871863518,0.3263438174477215,-31.52277506845192,-38.73581671642938,7497.74371355441,10894.431602025004,907733.1574294046,62.2303147315979,,,,
complex_signal,90,graph_09_Directed_with_Cycles_adj.txt,general,10,False,2.1407209121584896,0.09128840501653543,0.3021397110883232,-3.30560051596128,17.698532388551904,15.68884787521445,19.400800449269457,2252.3749338216444,36.39382314682007,,,,
complex_signal,90,graph_10_Directed_with_Cycles_adj.txt,general,15,False,11.903940900638988,0.07410156121474584,0.27221601939405743,-10.75690762070244,2.795918179069587,169.98592238158395,414.5884988480115,57851.2937904822,37.429251194000244,,,,
complex_signal,90,graph_11_Directed_with_Cycles_adj.txt,general,15,False,11.726366092307927,0.07317799305571196,0.27051431210882715,-10.691634485548455,2.92646444937755,167.97636208265735,408.762904305913,57201.897638552946,37.93556761741638,,,,
complex_signal,90,graph_12_Directed_with_Cycles_adj.txt,general,20,False,34503.71110229642,0.05383003029195537,0.23201299595487182,-45.37865808828953,-66.44758275610458,690107.7131896196,3007861.135755957,335896083.7488257,40.109018325805664,,,,
complex_signal,90,graph_13_Directed_with_Cycles_adj.txt,general,25,False,1.9306091454523209,0.11754595483187899,0.3428497554788088,-2.8569435914719365,18.595846237530594,27.75166997988156,125.40041259683919,12986.838763334341,41.81052803993225,,,,
complex_signal,90,graph_14_Directed_with_Cycles_and_Loops_adj.txt,general,5,False,1419.9645652606819,0.1065002871863518,0.3263438174477215,-31.52277506845192,-38.73581671642938,7497.74371355441,10894.431602025004,907733.1574294046,62.149303674697876,,,,
complex_signal,90,graph_15_Directed_with_Cycles_and_Loops_adj.txt,general,5,False,1419.9645652606819,0.1065002871863518,0.3263438174477215,-31.52277506845192,-38.73581671642938,7497.74371355441,10894.431602025004,907733.1574294046,61.38430070877075,,,,
complex_signal,90,graph_16_Directed_with_Cycles_and_Loops_adj.txt,general,10,False,2.1602076313654432,0.10232745829556578,0.31988663350563085,-3.3449549597620125,17.61982350095044,15.75564123927316,19.367561472147305,2249.298126890725,36.871350049972534,,,,
complex_signal,90,graph_17_Directed_with_Cycles_and_Loops_adj.txt,general,15,False,11.863556590815682,0.07498120101283133,0.27382695450380945,-10.74214906246838,2.8254352955377016,169.8635955805149,415.32895530637404,58198.168800983214,37.46933126449585,,,,
complex_signal,90,graph_18_Directed_with_Cycles_and_Loops_adj.txt,general,15,False,11.83883580740478,0.07196680531929894,0.26826629553355924,-10.733089973802448,2.843553472869573,168.22627835337002,409.3447499783659,57249.54280325842,37.84896492958069,,,,
complex_signal,90,graph_19_Directed_with_Cycles_and_Loops_adj.txt,general,20,False,34504.88898289956,0.05382937506967647,0.23201158391269275,-45.37880634431723,-66.44787926816001,690139.0858059104,3007997.8171683415,335911540.5211348,40.248318910598755,,,,
complex_signal,90,graph_20_Directed_with_Cycles_and_Loops_adj.txt,general,25,False,1.9285694906547035,0.1174217695863682,0.3426686002340573,-2.8523529208158327,18.6050275788428,27.65023083146044,125.41526026656346,12963.785159516548,41.81218218803406,,,,
complex_signal,90,graph_21_Star_with_Extra_Edges_adj.txt,general,5,False,1418.9428351225822,0.11706550655504398,0.3421483692128957,-31.519648994103253,-38.729564567732034,7482.4264470849375,10894.37750615692,906802.1511971006,61.726285219192505,,,,
complex_signal,90,graph_22_Star_with_Extra_Edges_adj.txt,general,5,False,1419.8179963974317,0.11566132803741389,0.34009017633182803,-31.522326766180868,-38.73492011188727,7493.551082162111,10894.284230077195,906822.5937990036,61.77347016334534,,,,
complex_signal,90,graph_23_Star_with_Extra_Edges_adj.txt,general,10,True,2.175345990541895,0.09610059762968959,0.31000096391735554,-3.3752834167358614,17.559166587002743,16.20476791031967,19.21552865674399,2140.798823804925,35.98921847343445,,,,
complex_signal,90,graph_23_Star_with_Extra_Edges_adj.txt,dag,10,True,2.3879019575117475,0.08142244483229244,0.28534618419087443,-3.7801649155878083,16.749403589298847,17.973559742231178,18.904380466641776,2169.5119843053462,42.02767324447632,,,,
complex_signal,90,graph_24_Star_with_Extra_Edges_adj.txt,general,15,False,11.990280883472296,0.07345077411060345,0.27101803281443,-10.78829356969845,2.7331462810775675,171.19992785121013,416.55887683811,58148.587124112746,37.46892237663269,,,,
complex_signal,90,graph_25_Star_with_Extra_Edges_adj.txt,general,15,False,11.912457076222827,0.07610153727248814,0.2758650707728112,-10.760013487697277,2.7897064450799114,170.05588721740983,415.56319659564275,58034.0528351675,37.34784960746765,,,,
complex_signal,90,graph_26_Star_with_Extra_Edges_adj.txt,general,20,False,34503.406428545735,0.053845978280420356,0.2320473621492396,-45.378619739164556,-66.44750605785464,690107.8419218573,3007861.1062203255,335896153.03821814,39.14846444129944,,,,
complex_signal,90,graph_27_Star_with_Extra_Edges_adj.txt,general,25,False,1.0125584318713283,0.06165004862726876,0.24829427828137474,-0.05420094510967058,24.201331530255125,4.066159857371765,11.414960167167491,1230.064887716849,41.35683083534241,,,,
complex_signal,90,graph_28_Leafs_to_Final_Node_adj.txt,general,5,True,1419.8179963974317,0.11566132803741389,0.34009017633182803,-31.522326766180868,-38.73492011188727,7493.551082162111,10894.284230077195,906822.5937990036,61.9354772567749,,,,
complex_signal,90,graph_28_Leafs_to_Final_Node_adj.txt,dag,5,True,1419.3585632831441,0.11250186820423656,0.3354129815678525,-31.520921222961654,-38.73210902544884,7431.774725935323,10862.542703393738,906797.142442598,67.43452310562134,,,,
complex_signal,90,graph_29_Leafs_to_Final_Node_adj.txt,general,5,True,1419.8179963974317,0.11566132803741389,0.34009017633182803,-31.522326766180868,-38.73492011188727,7493.551082162111,10894.284230077195,906822.5937990036,61.53531551361084,,,,
complex_signal,90,graph_29_Leafs_to_Final_Node_adj.txt,dag,5,True,1419.3585632831441,0.11250186820423656,0.3354129815678525,-31.520921222961654,-38.73210902544884,7431.774725935323,10862.542703393738,906797.142442598,67.33257484436035,,,,
complex_signal,90,graph_30_Leafs_to_Final_Node_adj.txt,general,10,True,2.175345990541895,0.09610059762968959,0.31000096391735554,-3.3752834167358614,17.559166587002743,16.20476791031967,19.21552865674399,2140.798823804925,35.950111865997314,,,,
complex_signal,90,graph_30_Leafs_to_Final_Node_adj.txt,dag,10,True,2.3879019575117475,0.08142244483229244,0.28534618419087443,-3.7801649155878083,16.749403589298847,17.973559742231178,18.904380466641776,2169.5119843053462,42.290738344192505,,,,
complex_signal,90,graph_31_Leafs_to_Final_Node_adj.txt,general,15,True,11.864820654134851,0.07597763727622005,0.2756404129953009,-10.74261177908751,2.824509862299446,169.21178845786292,414.9894552144464,58440.47281644858,36.95439267158508,,,,
complex_signal,90,graph_31_Leafs_to_Final_Node_adj.txt,dag,15,True,11.816486615403514,0.0741438830277048,0.27229374401132467,-10.724883673777768,2.8599660729189305,168.71786846125008,411.51129784421465,57482.65104967736,42.70030856132507,,,,
complex_signal,90,graph_32_Leafs_to_Final_Node_adj.txt,general,15,True,11.864820654134851,0.07597763727622005,0.2756404129953009,-10.74261177908751,2.824509862299446,169.21178845786292,414.9894552144464,58440.47281644858,36.91685938835144,,,,
complex_signal,90,graph_32_Leafs_to_Final_Node_adj.txt,dag,15,True,11.816486615403514,0.0741438830277048,0.27229374401132467,-10.724883673777768,2.8599660729189305,168.71786846125008,411.51129784421465,57482.65104967736,42.79109525680542,,,,
complex_signal,90,graph_33_Leafs_to_Final_Node_adj.txt,general,20,True,34504.77476016994,0.053828743177636106,0.23201022214039646,-45.37879196769272,-66.44785051491097,690107.1072544272,3007861.2745917905,335895834.57187784,38.649214029312134,,,,
complex_signal,90,graph_33_Leafs_to_Final_Node_adj.txt,dag,20,True,34506.941450143226,0.05382517925400977,0.23200254148179017,-45.37906466964867,-66.44839591882288,690107.9570272464,3007861.0797160524,335894319.16597974,44.58964991569519,,,,
complex_signal,90,graph_34_Leafs_to_Final_Node_adj.txt,general,25,True,5.445254618755213,0.09546127887193132,0.308968087141587,-7.3601819206883725,9.58936957909772,114.78906175669954,541.1607804121195,56504.827672449705,40.39833378791809,,,,
complex_signal,90,graph_34_Leafs_to_Final_Node_adj.txt,dag,25,True,1.9842234946008745,0.12081028716874873,0.3475777426256588,-2.9759058767971993,18.357921666880067,30.014740313841852,126.28199204122583,13593.117690725257,54.76241898536682,,,,
complex_signal,90,graph_35_Tree_with_Leaf_Connections_adj.txt,general,5,True,1418.9428351225822,0.11706550655504398,0.3421483692128957,-31.519648994103253,-38.729564567732034,7482.4264470849375,10894.37750615692,906802.1511971006,61.21643567085266,,,,
complex_signal,90,graph_35_Tree_with_Leaf_Connections_adj.txt,dag,5,True,1419.3585632831441,0.11250186820423656,0.3354129815678525,-31.520921222961654,-38.73210902544884,7431.774725935323,10862.542703393738,906797.142442598,67.4274640083313,,,,
complex_signal,90,graph_36_Tree_with_Leaf_Connections_adj.txt,general,5,False,1418.9428351225822,0.11706550655504398,0.3421483692128957,-31.519648994103253,-38.729564567732034,7482.4264470849375,10894.37750615692,906802.1511971006,61.774200439453125,,,,
complex_signal,90,graph_37_Tree_with_Leaf_Connections_adj.txt,general,10,False,2.173857800239177,0.09529084069862538,0.3086921455084748,-3.3723113193460517,17.565110781782362,16.20692548523557,19.213370307973985,2137.546270138798,35.81853747367859,,,,
complex_signal,90,graph_38_Tree_with_Leaf_Connections_adj.txt,general,15,False,11.850826997441073,0.07558798416255919,0.2749326902399189,-10.737486581852027,2.8347602567704087,168.91022021160205,414.33595919755163,58289.8672384167,37.29352259635925,,,,
complex_signal,90,graph_39_Tree_with_Leaf_Connections_adj.txt,general,15,False,11.850826997441073,0.07558798416255919,0.2749326902399189,-10.737486581852027,2.8347602567704087,168.91022021160205,414.33595919755163,58289.8672384167,36.95602464675903,,,,
complex_signal,90,graph_40_Tree_with_Leaf_Connections_adj.txt,general,20,False,34503.16039885428,0.05382951554699948,0.23201188665023068,-45.37858877128939,-66.4474441221043,690077.7072983315,3007735.2141978233,335882063.6480846,38.77819061279297,,,,
complex_signal,90,graph_41_Tree_with_Leaf_Connections_adj.txt,general,25,False,1.0199921838089403,0.062102655759866385,0.24920404442919136,-0.08596843779904938,24.13779654487637,4.217535688416108,11.21618210292722,1232.2712384806568,40.747116565704346,,,,
complex_signal,90,graph_42_Bidirectional_adj.txt,general,5,False,1416.8634373992759,0.11701245661553487,0.34207083566936086,-31.51327993337073,-38.71682644626699,7479.11337087756,10888.117518561416,904858.0377723245,61.9433913230896,,,,
complex_signal,90,graph_43_Bidirectional_adj.txt,general,5,False,1421.2412952137333,0.11670389358356599,0.3416195158119132,-31.526678177470004,-38.74362293446554,7491.14019949232,10889.743471258767,906137.450903726,61.66853332519531,,,,
complex_signal,90,graph_44_Bidirectional_adj.txt,general,10,False,2.3643623342611098,0.08989619367124566,0.29982693953553546,-3.737140321550884,16.835452777372698,17.899873609533767,19.353969373597632,2300.55085075186,36.4377658367157,,,,
complex_signal,90,graph_45_Bidirectional_adj.txt,general,15,False,11.839284780730383,0.07358076651239602,0.27125774922091356,-10.733254671534372,2.8432240774057234,169.30798977280787,411.90740674809064,57575.06383430901,37.93583416938782,,,,
complex_signal,90,graph_46_Bidirectional_adj.txt,general,15,False,11.759577838371458,0.07386536521304093,0.27178183385399574,-10.703917311145544,2.90189879818338,168.7205183714436,411.5158215159439,57552.79610364089,37.633708477020264,,,,
complex_signal,90,graph_47_Bidirectional_adj.txt,general,20,False,34507.08491746554,0.05382986068883857,0.23201263045109974,-45.37908272599742,-66.44843203152037,690138.7498328217,3007997.894156116,335910585.1742949,39.57935905456543,,,,
complex_signal,90,graph_48_Bidirectional_adj.txt,general,25,False,1.0206893723363188,0.0621451043783978,0.24928919827862137,-0.08893592815692054,24.131861564160623,4.287644474041705,11.419163998626846,1256.6170428441237,42.0663115978241,,,,
2d_signal,10,graph_00_DAG_adj.txt,general,5,True,0.0,0.0,0.0,0.0,-240.0,0.0,0.0,0.0,49.19018340110779,,0.0,1.0,1.0
2d_signal,10,graph_00_DAG_adj.txt,dag,5,True,0.0,0.0,0.0,0.0,-240.0,0.0,0.0,0.0,50.62115502357483,,0.0,1.0,1.0
2d_signal,10,graph_01_DAG_adj.txt,general,5,True,0.0,0.0,0.0,0.0,-240.0,0.0,0.0,0.0,49.53641390800476,,0.0,1.0,1.0
2d_signal,10,graph_01_DAG_adj.txt,dag,5,True,0.0,0.0,0.0,0.0,-240.0,0.0,0.0,0.0,50.141180753707886,,0.0,1.0,1.0
2d_signal,10,graph_02_DAG_adj.txt,general,10,True,4.515125521885787e-291,4.515125521885787e-291,6.719468373231462e-146,0.0,-240.0,4.51512552338854e-290,0.0,5.201424603135949e-302,4.88967227935791,,0.0,1.0,1.0
2d_signal,10,graph_02_DAG_adj.txt,dag,10,True,0.0,0.0,0.0,0.0,-240.0,0.0,0.0,0.0,4.8653929233551025,,0.0,1.0,1.0
2d_signal,10,graph_03_DAG_adj.txt,general,15,True,1.49354763251046e-170,1.49354763251046e-170,1.2221078645154281e-85,0.0,-240.0,1.4777119777326065e-169,0.0,1.7589328123979249e-181,3.490936279296875,,0.0,1.0,1.0
2d_signal,10,graph_03_DAG_adj.txt,dag,15,True,4.1532868222904535e-290,4.1532868222904535e-290,2.037961437881113e-145,0.0,-240.0,6.896137702469183e-289,0.0,2.87514985134485e-301,3.499990463256836,,0.0,1.0,1.0
2d_signal,10,graph_04_DAG_adj.txt,general,15,True,2.1109963078859748e-172,2.1109963078859748e-172,1.4529268074772297e-86,0.0,-240.0,2.919491526028978e-170,0.0,4.698273422851668e-182,3.3709194660186768,,0.0,1.0,1.0
2d_signal,10,graph_04_DAG_adj.txt,dag,15,True,4.1532868222904535e-290,4.1532868222904535e-290,2.037961437881113e-145,0.0,-240.0,6.896137702469183e-289,0.0,2.87514985134485e-301,3.6134727001190186,,0.0,1.0,1.0
2d_signal,10,graph_05_DAG_adj.txt,general,20,True,7.560382946435176e-111,7.560382946435176e-111,8.69504626004668e-56,0.0,-240.0,8.931708398872109e-110,3.298548119516319e-109,1.1379213105325429e-121,3.2541685104370117,0.0,0.0,1.0,1.0
2d_signal,10,graph_05_DAG_adj.txt,dag,20,True,2.281327761083331e-230,2.281327761083331e-230,1.510406488692144e-115,0.0,-240.0,5.799662108611748e-229,0.0,2.1870540517573062e-241,3.501002073287964,,0.0,1.0,1.0
2d_signal,10,graph_06_DAG_adj.txt,general,25,True,3.292819141760779e-32,3.292819141760779e-32,1.814612669899772e-16,0.0,-240.0,8.232047853963026e-31,4.032863356076542e-30,1.3377802182871346e-42,3.3242905139923096,0.0,0.0,1.0,1.0
2d_signal,10,graph_06_DAG_adj.txt,dag,25,True,1.4082946254980285e-190,1.4082946254980285e-190,1.1867158992353766e-95,0.0,-240.0,3.4492878076866117e-189,0.0,1.4654185649437643e-201,3.520061731338501,,0.0,1.0,1.0
2d_signal,10,graph_07_Directed_with_Cycles_adj.txt,general,5,False,0.0,0.0,0.0,0.0,-240.0,0.0,0.0,0.0,49.364280462265015,,0.0,1.0,1.0
2d_signal,10,graph_08_Directed_with_Cycles_adj.txt,general,5,False,0.0,0.0,0.0,0.0,-240.0,0.0,0.0,0.0,49.05773973464966,,0.0,1.0,1.0
2d_signal,10,graph_09_Directed_with_Cycles_adj.txt,general,10,False,2.7359976349881236e-230,2.7359976349881236e-230,1.6540851353506939e-115,0.0,-240.0,2.735997634988123e-229,0.0,3.1518692755063166e-241,4.811774492263794,,0.0,1.0,1.0
2d_signal,10,graph_10_Directed_with_Cycles_adj.txt,general,15,False,1.237630520752206e-171,1.237630520752206e-171,3.5179973290953566e-86,0.0,-240.0,1.856445781087386e-170,0.0,2.6028744995827194e-182,3.359539031982422,,0.0,1.0,1.0
2d_signal,10,graph_11_Directed_with_Cycles_adj.txt,general,15,False,3.8518788051620006e-91,3.8518788051620006e-91,6.206350622678355e-46,0.0,-240.0,5.777818207743001e-90,2.1618616176438574e-89,8.100929113789593e-102,3.3967857360839844,0.0,0.0,1.0,1.0
2d_signal,10,graph_12_Directed_with_Cycles_adj.txt,general,20,False,2.1419626000169563e-92,2.1419626000169563e-92,1.4635445329804476e-46,0.0,-240.0,4.2839252023917677e-91,1.867319703891274e-90,6.592960886671916e-103,3.3252413272857666,0.0,0.0,1.0,1.0
2d_signal,10,graph_13_Directed_with_Cycles_adj.txt,general,25,False,2.3773490198564745e-53,2.3773490198564745e-53,4.8758066203003525e-27,0.0,-240.0,5.9433725496411855e-52,2.911646019577037e-51,9.658503409951292e-64,3.1300668716430664,0.0,0.0,1.0,1.0
2d_signal,10,graph_14_Directed_with_Cycles_and_Loops_adj.txt,general,5,False,0.0,0.0,0.0,0.0,-240.0,0.0,0.0,0.0,49.644283294677734,,0.0,1.0,1.0
2d_signal,10,graph_15_Directed_with_Cycles_and_Loops_adj.txt,general,5,False,0.0,0.0,0.0,0.0,-240.0,0.0,0.0,0.0,49.0767240524292,,0.0,1.0,1.0
2d_signal,10,graph_16_Directed_with_Cycles_and_Loops_adj.txt,general,10,False,2.7359976349881253e-250,2.7359976349881253e-250,1.6540851353506946e-125,0.0,-240.0,2.735997634988126e-249,0.0,3.15186927550632e-261,4.713528394699097,,0.0,1.0,1.0
2d_signal,10,graph_17_Directed_with_Cycles_and_Loops_adj.txt,general,15,False,1.2376305203454183e-171,1.2376305203454183e-171,3.5179973285172035e-86,0.0,-240.0,1.856445781087386e-170,0.0,2.6028744996438262e-182,3.377821207046509,,0.0,1.0,1.0
2d_signal,10,graph_18_Directed_with_Cycles_and_Loops_adj.txt,general,15,False,3.8518788051620077e-131,3.8518788051620077e-131,6.206350622678361e-66,0.0,-240.0,5.7778182077430105e-130,2.161861617643861e-129,8.10092911378961e-142,3.435182571411133,0.0,0.0,1.0,1.0
2d_signal,10,graph_19_Directed_with_Cycles_and_Loops_adj.txt,general,20,False,2.1419626000169563e-92,2.1419626000169563e-92,1.4635445329804476e-46,0.0,-240.0,4.2839252023917677e-91,1.867319703891274e-90,6.592960886671916e-103,3.1607162952423096,0.0,0.0,1.0,1.0
2d_signal,10,graph_20_Directed_with_Cycles_and_Loops_adj.txt,general,25,False,2.3773490198564745e-53,2.3773490198564745e-53,4.8758066203003525e-27,0.0,-240.0,5.9433725496411855e-52,2.911646019577037e-51,9.658503409951292e-64,3.184386730194092,0.0,0.0,1.0,1.0
2d_signal,10,graph_21_Star_with_Extra_Edges_adj.txt,general,5,False,0.0,0.0,0.0,0.0,-240.0,0.0,0.0,0.0,49.51562571525574,,0.0,1.0,1.0
2d_signal,10,graph_22_Star_with_Extra_Edges_adj.txt,general,5,False,0.0,0.0,0.0,0.0,-240.0,0.0,0.0,0.0,49.71706438064575,,0.0,1.0,1.0
2d_signal,10,graph_23_Star_with_Extra_Edges_adj.txt,general,10,True,1.973741507757691e-291,1.973741507757691e-291,4.44268106863152e-146,0.0,-240.0,1.9737415077576914e-290,0.0,2.273750216936861e-302,4.68346905708313,,0.0,1.0,1.0
2d_signal,10,graph_23_Star_with_Extra_Edges_adj.txt,dag,10,True,0.0,0.0,0.0,0.0,-240.0,0.0,0.0,0.0,4.923216104507446,,0.0,1.0,1.0
2d_signal,10,graph_24_Star_with_Extra_Edges_adj.txt,general,15,False,7.086971632943937e-152,7.086971632943937e-152,2.662136666841869e-76,0.0,-240.0,1.06304574494159e-150,3.977552964039307e-150,1.4904688785373646e-162,3.528503894805908,,0.0,1.0,1.0
2d_signal,10,graph_25_Star_with_Extra_Edges_adj.txt,general,15,False,1.237630520551401e-171,1.237630520551401e-171,3.51799732880996e-86,0.0,-240.0,1.856445781087386e-170,0.0,2.6028744996128835e-182,3.362980365753174,,0.0,1.0,1.0
2d_signal,10,graph_26_Star_with_Extra_Edges_adj.txt,general,20,False,7.121065251113394e-92,7.121065251113394e-92,2.668532415226278e-46,0.0,-240.0,1.4242130496037732e-90,6.208000757294727e-90,2.1918638832900757e-102,3.15958571434021,0.0,0.0,1.0,1.0
2d_signal,10,graph_27_Star_with_Extra_Edges_adj.txt,general,25,False,1.680944184605672e-92,1.680944184605672e-92,1.2965123156397983e-46,0.0,-240.0,4.202360460645515e-91,2.058727768765756e-90,6.829205556210675e-103,3.228895425796509,0.0,0.0,1.0,1.0
2d_signal,10,graph_28_Leafs_to_Final_Node_adj.txt,general,5,True,0.0,0.0,0.0,0.0,-240.0,0.0,0.0,0.0,49.31953287124634,,0.0,1.0,1.0
2d_signal,10,graph_28_Leafs_to_Final_Node_adj.txt,dag,5,True,0.0,0.0,0.0,0.0,-240.0,0.0,0.0,0.0,50.56412672996521,,0.0,1.0,1.0
2d_signal,10,graph_29_Leafs_to_Final_Node_adj.txt,general,5,True,0.0,0.0,0.0,0.0,-240.0,0.0,0.0,0.0,49.26633810997009,,0.0,1.0,1.0
2d_signal,10,graph_29_Leafs_to_Final_Node_adj.txt,dag,5,True,0.0,0.0,0.0,0.0,-240.0,0.0,0.0,0.0,50.27563405036926,,0.0,1.0,1.0
2d_signal,10,graph_30_Leafs_to_Final_Node_adj.txt,general,10,True,1.973741507757691e-291,1.973741507757691e-291,4.44268106863152e-146,0.0,-240.0,1.9737415077576914e-290,0.0,2.273750216936861e-302,4.803154945373535,,0.0,1.0,1.0
2d_signal,10,graph_30_Leafs_to_Final_Node_adj.txt,dag,10,True,0.0,0.0,0.0,0.0,-240.0,0.0,0.0,0.0,4.888694763183594,,0.0,1.0,1.0
2d_signal,10,graph_31_Leafs_to_Final_Node_adj.txt,general,15,True,9.142716021589649e-171,9.142716021589649e-171,9.561755080313263e-86,0.0,-240.0,1.3714074032384472e-169,0.0,1.9228147650738768e-181,3.3604063987731934,,0.0,1.0,1.0
2d_signal,10,graph_31_Leafs_to_Final_Node_adj.txt,dag,15,True,4.1532868222904535e-290,4.1532868222904535e-290,2.037961437881113e-145,0.0,-240.0,6.896137702469183e-289,0.0,2.87514985134485e-301,3.6151375770568848,,0.0,1.0,1.0
2d_signal,10,graph_32_Leafs_to_Final_Node_adj.txt,general,15,True,9.142716021589649e-171,9.142716021589649e-171,9.561755080313263e-86,0.0,-240.0,1.3714074032384472e-169,0.0,1.9228147650738768e-181,3.3943817615509033,,0.0,1.0,1.0
2d_signal,10,graph_32_Leafs_to_Final_Node_adj.txt,dag,15,True,4.1532868222904535e-290,4.1532868222904535e-290,2.037961437881113e-145,0.0,-240.0,6.896137702469183e-289,0.0,2.87514985134485e-301,3.4573657512664795,,0.0,1.0,1.0
2d_signal,10,graph_33_Leafs_to_Final_Node_adj.txt,general,20,True,5.182570013893304e-112,5.182570013893304e-112,2.2765258649734918e-56,0.0,-240.0,1.0365140023959831e-110,4.5180597900089654e-110,1.595195049656421e-122,3.240158796310425,0.0,0.0,1.0,1.0
2d_signal,10,graph_33_Leafs_to_Final_Node_adj.txt,dag,20,True,2.281327761083331e-230,2.281327761083331e-230,1.510406488692144e-115,0.0,-240.0,5.799662108611748e-229,0.0,2.1870540517573062e-241,3.4821112155914307,,0.0,1.0,1.0
2d_signal,10,graph_34_Leafs_to_Final_Node_adj.txt,general,25,True,1.4447120687246962e-51,1.4447120687246962e-51,3.800936817055364e-26,0.0,-240.0,2.1065012645189253e-50,6.632379060197588e-50,2.7178069004624513e-62,3.187556505203247,0.0,0.0,1.0,1.0
2d_signal,10,graph_34_Leafs_to_Final_Node_adj.txt,dag,25,True,1.4082946254980285e-190,1.4082946254980285e-190,1.1867158992353766e-95,0.0,-240.0,3.4492878076866117e-189,0.0,1.4654185649437643e-201,3.636988639831543,,0.0,1.0,1.0
2d_signal,10,graph_35_Tree_with_Leaf_Connections_adj.txt,general,5,True,0.0,0.0,0.0,0.0,-240.0,0.0,0.0,0.0,49.62014698982239,,0.0,1.0,1.0
2d_signal,10,graph_35_Tree_with_Leaf_Connections_adj.txt,dag,5,True,0.0,0.0,0.0,0.0,-240.0,0.0,0.0,0.0,50.3325719833374,,0.0,1.0,1.0
2d_signal,10,graph_36_Tree_with_Leaf_Connections_adj.txt,general,5,False,0.0,0.0,0.0,0.0,-240.0,0.0,0.0,0.0,49.4013032913208,,0.0,1.0,1.0
2d_signal,10,graph_37_Tree_with_Leaf_Connections_adj.txt,general,10,False,1.973741507757691e-291,1.973741507757691e-291,4.44268106863152e-146,0.0,-240.0,1.9737415077576914e-290,0.0,2.273750216936861e-302,4.795932769775391,,0.0,1.0,1.0
2d_signal,10,graph_38_Tree_with_Leaf_Connections_adj.txt,general,15,False,9.142716021589635e-151,9.142716021589635e-151,9.561755080313256e-76,0.0,-240.0,1.3714074032384455e-149,5.131336640603598e-149,1.922814765073874e-161,3.394170045852661,,0.0,1.0,1.0
2d_signal,10,graph_39_Tree_with_Leaf_Connections_adj.txt,general,15,False,9.142716021589635e-151,9.142716021589635e-151,9.561755080313256e-76,0.0,-240.0,1.3714074032384455e-149,5.131336640603598e-149,1.922814765073874e-161,3.3922860622406006,,0.0,1.0,1.0
2d_signal,10,graph_40_Tree_with_Leaf_Connections_adj.txt,general,20,False,1.2340403010799357e-110,1.2340403010799357e-110,1.1108736656703748e-55,0.0,-240.0,1.0647731249018812e-109,3.109148769767118e-109,1.0987235967289606e-121,3.366370916366577,0.0,0.0,1.0,1.0
2d_signal,10,graph_41_Tree_with_Leaf_Connections_adj.txt,general,25,False,6.643456023971703e-53,6.643456023971703e-53,8.150739858424941e-27,0.0,-240.0,1.6608640059929258e-51,8.1365386936749e-51,2.6990501657710306e-63,3.146620273590088,0.0,0.0,1.0,1.0
2d_signal,10,graph_42_Bidirectional_adj.txt,general,5,False,0.0,0.0,0.0,0.0,-240.0,0.0,0.0,0.0,49.65985345840454,,0.0,1.0,1.0
2d_signal,10,graph_43_Bidirectional_adj.txt,general,5,False,0.0,0.0,0.0,0.0,-240.0,0.0,0.0,0.0,49.462910175323486,,0.0,1.0,1.0
2d_signal,10,graph_44_Bidirectional_adj.txt,general,10,False,4.515125520759131e-271,4.515125520759131e-271,6.71946837239311e-136,0.0,-240.0,4.515125523388538e-270,0.0,5.201424603280161e-282,4.785682439804077,,0.0,1.0,1.0
2d_signal,10,graph_45_Bidirectional_adj.txt,general,15,False,3.851878804900514e-151,3.851878804900514e-151,6.206350622467694e-76,0.0,-240.0,5.77781820774302e-150,2.161861617643865e-149,8.100929113828901e-162,3.3772101402282715,,0.0,1.0,1.0
2d_signal,10,graph_46_Bidirectional_adj.txt,general,15,False,3.851878804702326e-111,3.851878804702326e-111,6.206350622308029e-56,0.0,-240.0,5.777818207743005e-110,2.161861617643859e-109,8.100929113858652e-122,3.346907377243042,0.0,0.0,1.0,1.0
2d_signal,10,graph_47_Bidirectional_adj.txt,general,20,False,2.141962601195878e-52,2.141962601195878e-52,1.46354453338321e-26,0.0,-240.0,4.283925202391756e-51,1.867319703891269e-50,6.592960886480914e-63,3.313408851623535,0.0,0.0,1.0,1.0
2d_signal,10,graph_48_Bidirectional_adj.txt,general,25,False,3.895558508457029e-52,3.895558508457029e-52,1.9737169271344433e-26,0.0,-240.0,9.738896271142574e-51,4.771065304438615e-50,1.5826563463478545e-62,3.154656171798706,0.0,0.0,1.0,1.0
2d_signal,35,graph_00_DAG_adj.txt,general,5,True,0.0,0.0,0.0,0.0,-240.0,0.0,0.0,0.0,49.59716844558716,,0.0,1.0,1.0
2d_signal,35,graph_00_DAG_adj.txt,dag,5,True,0.0,0.0,0.0,0.0,-240.0,0.0,0.0,0.0,50.42733144760132,,0.0,1.0,1.0
2d_signal,35,graph_01_DAG_adj.txt,general,5,True,0.0,0.0,0.0,0.0,-240.0,0.0,0.0,0.0,49.579638957977295,,0.0,1.0,1.0
2d_signal,35,graph_01_DAG_adj.txt,dag,5,True,0.0,0.0,0.0,0.0,-240.0,0.0,0.0,0.0,50.24289083480835,,0.0,1.0,1.0
2d_signal,35,graph_02_DAG_adj.txt,general,10,True,4.515125521885787e-291,4.515125521885787e-291,6.719468373231462e-146,0.0,-240.0,4.51512552338854e-290,0.0,5.201424603135949e-302,4.806925296783447,,0.0,1.0,1.0
2d_signal,35,graph_02_DAG_adj.txt,dag,10,True,0.0,0.0,0.0,0.0,-240.0,0.0,0.0,0.0,4.914446830749512,,0.0,1.0,1.0
2d_signal,35,graph_03_DAG_adj.txt,general,15,True,1.49354763251046e-170,1.49354763251046e-170,1.2221078645154281e-85,0.0,-240.0,1.4777119777326065e-169,0.0,1.7589328123979249e-181,3.372354507446289,,0.0,1.0,1.0
2d_signal,35,graph_03_DAG_adj.txt,dag,15,True,4.1532868222904535e-290,4.1532868222904535e-290,2.037961437881113e-145,0.0,-240.0,6.896137702469183e-289,0.0,2.87514985134485e-301,3.590121030807495,,0.0,1.0,1.0
2d_signal,35,graph_04_DAG_adj.txt,general,15,True,2.1109963078859748e-172,2.1109963078859748e-172,1.4529268074772297e-86,0.0,-240.0,2.919491526028978e-170,0.0,4.698273422851668e-182,3.372941255569458,,0.0,1.0,1.0
2d_signal,35,graph_04_DAG_adj.txt,dag,15,True,4.1532868222904535e-290,4.1532868222904535e-290,2.037961437881113e-145,0.0,-240.0,6.896137702469183e-289,0.0,2.87514985134485e-301,3.4967033863067627,,0.0,1.0,1.0
2d_signal,35,graph_05_DAG_adj.txt,general,20,True,7.560382946435176e-111,7.560382946435176e-111,8.69504626004668e-56,0.0,-240.0,8.931708398872109e-110,3.298548119516319e-109,1.1379213105325429e-121,3.2993829250335693,0.0,0.0,1.0,1.0
2d_signal,35,graph_05_DAG_adj.txt,dag,20,True,2.281327761083331e-230,2.281327761083331e-230,1.510406488692144e-115,0.0,-240.0,5.799662108611748e-229,0.0,2.1870540517573062e-241,3.508362054824829,,0.0,1.0,1.0
2d_signal,35,graph_06_DAG_adj.txt,general,25,True,3.292819141760779e-32,3.292819141760779e-32,1.814612669899772e-16,0.0,-240.0,8.232047853963026e-31,4.032863356076542e-30,1.3377802182871346e-42,3.1326143741607666,0.0,0.0,1.0,1.0
2d_signal,35,graph_06_DAG_adj.txt,dag,25,True,1.4082946254980285e-190,1.4082946254980285e-190,1.1867158992353766e-95,0.0,-240.0,3.4492878076866117e-189,0.0,1.4654185649437643e-201,3.471792459487915,,0.0,1.0,1.0
2d_signal,35,graph_07_Directed_with_Cycles_adj.txt,general,5,False,0.0,0.0,0.0,0.0,-240.0,0.0,0.0,0.0,49.314605474472046,,0.0,1.0,1.0
2d_signal,35,graph_08_Directed_with_Cycles_adj.txt,general,5,False,0.0,0.0,0.0,0.0,-240.0,0.0,0.0,0.0,49.385239124298096,,0.0,1.0,1.0
2d_signal,35,graph_09_Directed_with_Cycles_adj.txt,general,10,False,2.7359976349881236e-230,2.7359976349881236e-230,1.6540851353506939e-115,0.0,-240.0,2.735997634988123e-229,0.0,3.1518692755063166e-241,4.801414251327515,,0.0,1.0,1.0
2d_signal,35,graph_10_Directed_with_Cycles_adj.txt,general,15,False,1.237630520752206e-171,1.237630520752206e-171,3.5179973290953566e-86,0.0,-240.0,1.856445781087386e-170,0.0,2.6028744995827194e-182,3.3843748569488525,,0.0,1.0,1.0
2d_signal,35,graph_11_Directed_with_Cycles_adj.txt,general,15,False,3.8518788051620006e-91,3.8518788051620006e-91,6.206350622678355e-46,0.0,-240.0,5.777818207743001e-90,2.1618616176438574e-89,8.100929113789593e-102,3.3958559036254883,0.0,0.0,1.0,1.0
2d_signal,35,graph_12_Directed_with_Cycles_adj.txt,general,20,False,2.1419626000169563e-92,2.1419626000169563e-92,1.4635445329804476e-46,0.0,-240.0,4.2839252023917677e-91,1.867319703891274e-90,6.592960886671916e-103,3.2921483516693115,0.0,0.0,1.0,1.0
2d_signal,35,graph_13_Directed_with_Cycles_adj.txt,general,25,False,2.3773490198564745e-53,2.3773490198564745e-53,4.8758066203003525e-27,0.0,-240.0,5.9433725496411855e-52,2.911646019577037e-51,9.658503409951292e-64,3.2143023014068604,0.0,0.0,1.0,1.0
2d_signal,35,graph_14_Directed_with_Cycles_and_Loops_adj.txt,general,5,False,0.0,0.0,0.0,0.0,-240.0,0.0,0.0,0.0,49.44867444038391,,0.0,1.0,1.0
2d_signal,35,graph_15_Directed_with_Cycles_and_Loops_adj.txt,general,5,False,0.0,0.0,0.0,0.0,-240.0,0.0,0.0,0.0,49.12352728843689,,0.0,1.0,1.0
2d_signal,35,graph_16_Directed_with_Cycles_and_Loops_adj.txt,general,10,False,2.7359976349881253e-250,2.7359976349881253e-250,1.6540851353506946e-125,0.0,-240.0,2.735997634988126e-249,0.0,3.15186927550632e-261,4.8025407791137695,,0.0,1.0,1.0
2d_signal,35,graph_17_Directed_with_Cycles_and_Loops_adj.txt,general,15,False,1.2376305203454183e-171,1.2376305203454183e-171,3.5179973285172035e-86,0.0,-240.0,1.856445781087386e-170,0.0,2.6028744996438262e-182,3.3666646480560303,,0.0,1.0,1.0
2d_signal,35,graph_18_Directed_with_Cycles_and_Loops_adj.txt,general,15,False,3.8518788051620077e-131,3.8518788051620077e-131,6.206350622678361e-66,0.0,-240.0,5.7778182077430105e-130,2.161861617643861e-129,8.10092911378961e-142,3.338897705078125,0.0,0.0,1.0,1.0
2d_signal,35,graph_19_Directed_with_Cycles_and_Loops_adj.txt,general,20,False,2.1419626000169563e-92,2.1419626000169563e-92,1.4635445329804476e-46,0.0,-240.0,4.2839252023917677e-91,1.867319703891274e-90,6.592960886671916e-103,3.2546119689941406,0.0,0.0,1.0,1.0
2d_signal,35,graph_20_Directed_with_Cycles_and_Loops_adj.txt,general,25,False,2.3773490198564745e-53,2.3773490198564745e-53,4.8758066203003525e-27,0.0,-240.0,5.9433725496411855e-52,2.911646019577037e-51,9.658503409951292e-64,3.2032251358032227,0.0,0.0,1.0,1.0
2d_signal,35,graph_21_Star_with_Extra_Edges_adj.txt,general,5,False,0.0,0.0,0.0,0.0,-240.0,0.0,0.0,0.0,49.37556433677673,,0.0,1.0,1.0
2d_signal,35,graph_22_Star_with_Extra_Edges_adj.txt,general,5,False,0.0,0.0,0.0,0.0,-240.0,0.0,0.0,0.0,49.83703637123108,,0.0,1.0,1.0
2d_signal,35,graph_23_Star_with_Extra_Edges_adj.txt,general,10,True,1.973741507757691e-291,1.973741507757691e-291,4.44268106863152e-146,0.0,-240.0,1.9737415077576914e-290,0.0,2.273750216936861e-302,4.703292369842529,,0.0,1.0,1.0
2d_signal,35,graph_23_Star_with_Extra_Edges_adj.txt,dag,10,True,0.0,0.0,0.0,0.0,-240.0,0.0,0.0,0.0,5.04590368270874,,0.0,1.0,1.0
2d_signal,35,graph_24_Star_with_Extra_Edges_adj.txt,general,15,False,7.086971632943937e-152,7.086971632943937e-152,2.662136666841869e-76,0.0,-240.0,1.06304574494159e-150,3.977552964039307e-150,1.4904688785373646e-162,3.392963171005249,,0.0,1.0,1.0
2d_signal,35,graph_25_Star_with_Extra_Edges_adj.txt,general,15,False,1.237630520551401e-171,1.237630520551401e-171,3.51799732880996e-86,0.0,-240.0,1.856445781087386e-170,0.0,2.6028744996128835e-182,3.317340850830078,,0.0,1.0,1.0
2d_signal,35,graph_26_Star_with_Extra_Edges_adj.txt,general,20,False,7.121065251113394e-92,7.121065251113394e-92,2.668532415226278e-46,0.0,-240.0,1.4242130496037732e-90,6.208000757294727e-90,2.1918638832900757e-102,3.2719357013702393,0.0,0.0,1.0,1.0
2d_signal,35,graph_27_Star_with_Extra_Edges_adj.txt,general,25,False,1.680944184605672e-92,1.680944184605672e-92,1.2965123156397983e-46,0.0,-240.0,4.202360460645515e-91,2.058727768765756e-90,6.829205556210675e-103,3.2112667560577393,0.0,0.0,1.0,1.0
2d_signal,35,graph_28_Leafs_to_Final_Node_adj.txt,general,5,True,0.0,0.0,0.0,0.0,-240.0,0.0,0.0,0.0,49.597349882125854,,0.0,1.0,1.0
2d_signal,35,graph_28_Leafs_to_Final_Node_adj.txt,dag,5,True,0.0,0.0,0.0,0.0,-240.0,0.0,0.0,0.0,50.28220510482788,,0.0,1.0,1.0
2d_signal,35,graph_29_Leafs_to_Final_Node_adj.txt,general,5,True,0.0,0.0,0.0,0.0,-240.0,0.0,0.0,0.0,49.409610748291016,,0.0,1.0,1.0
2d_signal,35,graph_29_Leafs_to_Final_Node_adj.txt,dag,5,True,0.0,0.0,0.0,0.0,-240.0,0.0,0.0,0.0,50.38316202163696,,0.0,1.0,1.0
2d_signal,35,graph_30_Leafs_to_Final_Node_adj.txt,general,10,True,1.973741507757691e-291,1.973741507757691e-291,4.44268106863152e-146,0.0,-240.0,1.9737415077576914e-290,0.0,2.273750216936861e-302,4.8686933517456055,,0.0,1.0,1.0
2d_signal,35,graph_30_Leafs_to_Final_Node_adj.txt,dag,10,True,0.0,0.0,0.0,0.0,-240.0,0.0,0.0,0.0,4.906412124633789,,0.0,1.0,1.0
2d_signal,35,graph_31_Leafs_to_Final_Node_adj.txt,general,15,True,9.142716021589649e-171,9.142716021589649e-171,9.561755080313263e-86,0.0,-240.0,1.3714074032384472e-169,0.0,1.9228147650738768e-181,3.3235127925872803,,0.0,1.0,1.0
2d_signal,35,graph_31_Leafs_to_Final_Node_adj.txt,dag,15,True,4.1532868222904535e-290,4.1532868222904535e-290,2.037961437881113e-145,0.0,-240.0,6.896137702469183e-289,0.0,2.87514985134485e-301,3.6857430934906006,,0.0,1.0,1.0
2d_signal,35,graph_32_Leafs_to_Final_Node_adj.txt,general,15,True,9.142716021589649e-171,9.142716021589649e-171,9.561755080313263e-86,0.0,-240.0,1.3714074032384472e-169,0.0,1.9228147650738768e-181,3.3826611042022705,,0.0,1.0,1.0
2d_signal,35,graph_32_Leafs_to_Final_Node_adj.txt,dag,15,True,4.1532868222904535e-290,4.1532868222904535e-290,2.037961437881113e-145,0.0,-240.0,6.896137702469183e-289,0.0,2.87514985134485e-301,3.456214189529419,,0.0,1.0,1.0
2d_signal,35,graph_33_Leafs_to_Final_Node_adj.txt,general,20,True,5.182570013893304e-112,5.182570013893304e-112,2.2765258649734918e-56,0.0,-240.0,1.0365140023959831e-110,4.5180597900089654e-110,1.595195049656421e-122,3.318458318710327,0.0,0.0,1.0,1.0
2d_signal,35,graph_33_Leafs_to_Final_Node_adj.txt,dag,20,True,2.281327761083331e-230,2.281327761083331e-230,1.510406488692144e-115,0.0,-240.0,5.799662108611748e-229,0.0,2.1870540517573062e-241,3.4396960735321045,,0.0,1.0,1.0
2d_signal,35,graph_34_Leafs_to_Final_Node_adj.txt,general,25,True,1.4447120687246962e-51,1.4447120687246962e-51,3.800936817055364e-26,0.0,-240.0,2.1065012645189253e-50,6.632379060197588e-50,2.7178069004624513e-62,3.2116923332214355,0.0,0.0,1.0,1.0
2d_signal,35,graph_34_Leafs_to_Final_Node_adj.txt,dag,25,True,1.4082946254980285e-190,1.4082946254980285e-190,1.1867158992353766e-95,0.0,-240.0,3.4492878076866117e-189,0.0,1.4654185649437643e-201,3.660801649093628,,0.0,1.0,1.0
2d_signal,35,graph_35_Tree_with_Leaf_Connections_adj.txt,general,5,True,0.0,0.0,0.0,0.0,-240.0,0.0,0.0,0.0,49.58813428878784,,0.0,1.0,1.0
2d_signal,35,graph_35_Tree_with_Leaf_Connections_adj.txt,dag,5,True,0.0,0.0,0.0,0.0,-240.0,0.0,0.0,0.0,49.99666619300842,,0.0,1.0,1.0
2d_signal,35,graph_36_Tree_with_Leaf_Connections_adj.txt,general,5,False,0.0,0.0,0.0,0.0,-240.0,0.0,0.0,0.0,49.4687876701355,,0.0,1.0,1.0
2d_signal,35,graph_37_Tree_with_Leaf_Connections_adj.txt,general,10,False,1.973741507757691e-291,1.973741507757691e-291,4.44268106863152e-146,0.0,-240.0,1.9737415077576914e-290,0.0,2.273750216936861e-302,4.682059049606323,,0.0,1.0,1.0
2d_signal,35,graph_38_Tree_with_Leaf_Connections_adj.txt,general,15,False,9.142716021589635e-151,9.142716021589635e-151,9.561755080313256e-76,0.0,-240.0,1.3714074032384455e-149,5.131336640603598e-149,1.922814765073874e-161,3.355308771133423,,0.0,1.0,1.0
2d_signal,35,graph_39_Tree_with_Leaf_Connections_adj.txt,general,15,False,9.142716021589635e-151,9.142716021589635e-151,9.561755080313256e-76,0.0,-240.0,1.3714074032384455e-149,5.131336640603598e-149,1.922814765073874e-161,3.483363389968872,,0.0,1.0,1.0
2d_signal,35,graph_40_Tree_with_Leaf_Connections_adj.txt,general,20,False,1.2340403010799357e-110,1.2340403010799357e-110,1.1108736656703748e-55,0.0,-240.0,1.0647731249018812e-109,3.109148769767118e-109,1.0987235967289606e-121,3.2140896320343018,0.0,0.0,1.0,1.0
2d_signal,35,graph_41_Tree_with_Leaf_Connections_adj.txt,general,25,False,6.643456023971703e-53,6.643456023971703e-53,8.150739858424941e-27,0.0,-240.0,1.6608640059929258e-51,8.1365386936749e-51,2.6990501657710306e-63,3.179929494857788,0.0,0.0,1.0,1.0
2d_signal,35,graph_42_Bidirectional_adj.txt,general,5,False,0.0,0.0,0.0,0.0,-240.0,0.0,0.0,0.0,49.412516355514526,,0.0,1.0,1.0
2d_signal,35,graph_43_Bidirectional_adj.txt,general,5,False,0.0,0.0,0.0,0.0,-240.0,0.0,0.0,0.0,49.79233741760254,,0.0,1.0,1.0
2d_signal,35,graph_44_Bidirectional_adj.txt,general,10,False,4.515125520759131e-271,4.515125520759131e-271,6.71946837239311e-136,0.0,-240.0,4.515125523388538e-270,0.0,5.201424603280161e-282,4.732595443725586,,0.0,1.0,1.0
2d_signal,35,graph_45_Bidirectional_adj.txt,general,15,False,3.851878804900514e-151,3.851878804900514e-151,6.206350622467694e-76,0.0,-240.0,5.77781820774302e-150,2.161861617643865e-149,8.100929113828901e-162,3.3568382263183594,,0.0,1.0,1.0
2d_signal,35,graph_46_Bidirectional_adj.txt,general,15,False,3.851878804702326e-111,3.851878804702326e-111,6.206350622308029e-56,0.0,-240.0,5.777818207743005e-110,2.161861617643859e-109,8.100929113858652e-122,3.306697130203247,0.0,0.0,1.0,1.0
2d_signal,35,graph_47_Bidirectional_adj.txt,general,20,False,2.141962601195878e-52,2.141962601195878e-52,1.46354453338321e-26,0.0,-240.0,4.283925202391756e-51,1.867319703891269e-50,6.592960886480914e-63,3.261237144470215,0.0,0.0,1.0,1.0
2d_signal,35,graph_48_Bidirectional_adj.txt,general,25,False,3.895558508457029e-52,3.895558508457029e-52,1.9737169271344433e-26,0.0,-240.0,9.738896271142574e-51,4.771065304438615e-50,1.5826563463478545e-62,3.1595327854156494,0.0,0.0,1.0,1.0
2d_signal,90,graph_00_DAG_adj.txt,general,5,True,9.727440300112226e-07,3.96712067978707e-07,0.0006298508299420641,60.120014258967615,128.0151301602913,8.118147158945224e-06,2.8383860047158854e-06,2.608305921065722e-08,23.40317940711975,1.9982028770151186,0.0,0.9999993950920281,1.0
2d_signal,90,graph_00_DAG_adj.txt,dag,5,True,1.0889639688912015e-06,4.440596850773436e-07,0.0006663780346600146,59.62986489730546,127.034831436967,8.123794134071838e-06,2.8460474071924375e-06,3.268439073180113e-08,25.59953474998474,1.9982025523771265,0.0,0.9999993832469981,1.0
2d_signal,90,graph_01_DAG_adj.txt,general,5,True,9.727440300112226e-07,3.96712067978707e-07,0.0006298508299420641,60.120014258967615,128.0151301602913,8.118147158945224e-06,2.8383860047158854e-06,2.608305921065722e-08,23.25675106048584,1.9982028770151186,0.0,0.9999993950920281,1.0
2d_signal,90,graph_01_DAG_adj.txt,dag,5,True,1.0889639688912015e-06,4.440596850773436e-07,0.0006663780346600146,59.62986489730546,127.034831436967,8.123794134071838e-06,2.8460474071924375e-06,3.268439073180113e-08,25.43256640434265,1.9982025523771265,0.0,0.9999993832469981,1.0
2d_signal,90,graph_02_DAG_adj.txt,general,10,True,8.459098792544172e-07,3.450229040875423e-07,0.0005873865031540495,60.726759029507065,129.2286197013702,1.334109225742463e-05,1.0985660004720907e-05,3.9845323297967926e-07,2.6769957542419434,1.9982027876008595,0.0,0.9999995394840535,1.0
2d_signal,90,graph_02_DAG_adj.txt,dag,10,True,1.074822103846814e-06,4.3829883706464944e-07,0.0006620414164269857,59.686634108283826,127.14836985892373,1.252123332425163e-05,1.133944294450207e-05,3.762233690278849e-07,2.897264242172241,1.998202604254337,0.0,0.999999380912803,1.0
2d_signal,90,graph_03_DAG_adj.txt,general,15,True,1.2894528921527619e-06,5.25725878811412e-07,0.0007250695682563239,58.89594519405699,125.56699203047005,1.7884562016722305e-05,1.341692951391937e-05,5.995128076745477e-07,1.8416574001312256,1.9982020650251702,0.0,0.9999993403916259,1.0
2d_signal,90,graph_03_DAG_adj.txt,dag,15,True,1.2971207109988962e-06,5.288488888891126e-07,0.0007272199728342949,58.8701960627418,125.51549376783967,1.7938341105194278e-05,1.3500483940160678e-05,6.03911700486759e-07,2.03727388381958,1.9982020414631545,0.0,0.9999993402641967,0.9999999999999998
2d_signal,90,graph_04_DAG_adj.txt,general,15,True,1.2918715277544173e-06,5.267109588768813e-07,0.0007257485507232387,58.88780673308074,125.55071510851755,1.7879045689426038e-05,1.3419547600354304e-05,5.991173339071422e-07,1.7739202976226807,1.9982020565260352,0.0,0.9999993406808948,0.9999999999999998
2d_signal,90,graph_04_DAG_adj.txt,dag,15,True,1.2971207109988962e-06,5.288488888891126e-07,0.0007272199728342949,58.8701960627418,125.51549376783967,1.7938341105194278e-05,1.3500483940160678e-05,6.03911700486759e-07,2.160170793533325,1.9982020414631545,0.0,0.9999993402641967,0.9999999999999998
2d_signal,90,graph_05_DAG_adj.txt,general,20,True,1.1808051484285413e-06,4.814736898248688e-07,0.0006938830519798482,59.2782176194953,126.33153688134668,2.8213621886338354e-05,2.405756854081514e-05,9.868783244477066e-07,1.4672966003417969,1.9982018951954312,0.0,0.9999994942593655,1.0
2d_signal,90,graph_05_DAG_adj.txt,dag,20,True,1.1968838111090974e-06,4.88022685458211e-07,0.0006985862047437031,59.21948007190365,126.21406178616337,2.8161670673231585e-05,2.404351010431585e-05,9.8739960285943e-07,1.6583576202392578,1.9982019057933635,0.0,0.9999994762712525,1.0
2d_signal,90,graph_06_DAG_adj.txt,general,25,True,6.632936516620069e-07,2.7059922264215075e-07,0.0005201915249618651,61.78294159284397,131.34098482804401,3.6122806696562676e-05,4.3608612394895367e-05,2.1275409067128213e-06,1.1234173774719238,1.9982023539849159,0.0,0.9999998080989144,1.0000000000000002
2d_signal,90,graph_06_DAG_adj.txt,dag,25,True,4.6854979665387243e-07,1.9118997639751838e-07,0.00043725276030863247,63.29244246264474,134.35998656764556,3.602368221683314e-05,4.3601224149383263e-05,2.0872480534411066e-06,1.488757610321045,1.9982029830820416,0.0,0.9999998033268961,0.9999999999999998
2d_signal,90,graph_07_Directed_with_Cycles_adj.txt,general,5,False,1.1729589951002218e-06,4.782778483563271e-07,0.0006915763503448677,59.30717169907467,126.38944504050542,8.128426752204535e-06,2.8644093854187804e-06,3.3314897731911364e-08,23.444636583328247,1.9982024760172095,0.0,0.9999993259431587,0.9999999999999996
2d_signal,90,graph_08_Directed_with_Cycles_adj.txt,general,5,False,1.1658757993608101e-06,4.7539281869658717e-07,0.0006894873593450334,59.33347712463146,126.44205589161899,8.11626341861618e-06,2.8737267517270887e-06,3.237880169641463e-08,23.298935413360596,1.9982025035657962,0.0,0.999999324270787,1.0
2d_signal,90,graph_09_Directed_with_Cycles_adj.txt,general,10,False,8.720559778353833e-07,3.556836381449058e-07,0.0005963921848455979,60.594556365298935,128.96421437295396,1.3271212476193417e-05,1.0886116616396988e-05,4.0388005012138295e-07,2.492490768432617,1.9982030378552231,0.0,0.9999994416363458,0.9999999999999998
2d_signal,90,graph_10_Directed_with_Cycles_adj.txt,general,15,False,1.293973916319982e-06,5.275672274507527e-07,0.0007263382321279478,58.88074478004623,125.53659120244853,1.7924131950415268e-05,1.3492543023051737e-05,6.020057901306556e-07,1.8208787441253662,1.9982020464175592,0.0,0.999999341772212,0.9999999999999999
2d_signal,90,graph_11_Directed_with_Cycles_adj.txt,general,15,False,1.29872788825684e-06,5.295034891585757e-07,0.0007276699039802152,58.864818335366245,125.50473831308857,1.794413409559977e-05,1.3519287071630279e-05,6.038974216881249e-07,1.8079376220703125,1.9982020439943606,0.0,0.9999993379301618,0.9999999999999998
2d_signal,90,graph_12_Directed_with_Cycles_adj.txt,general,20,False,1.1889892799693116e-06,4.848069506144194e-07,0.0006962807986828442,59.248220610004516,126.27154286236511,2.8177437230604795e-05,2.4033679513021096e-05,9.826319994335488e-07,1.5487134456634521,1.9982019149635435,0.0,0.9999994808664231,1.0000000000000002
2d_signal,90,graph_13_Directed_with_Cycles_adj.txt,general,25,False,4.5773218900613443e-07,1.867780405131977e-07,0.00043217825085628466,63.39388545697692,134.5628725563099,3.573978301165323e-05,4.214944952058173e-05,2.027681012429868e-06,1.0921590328216553,1.9982030685068202,0.0,0.9999997908276942,0.9999999999999996
2d_signal,90,graph_14_Directed_with_Cycles_and_Loops_adj.txt,general,5,False,1.1658757993608101e-06,4.7539281869658717e-07,0.0006894873593450334,59.33347712463146,126.44205589161899,8.11626341861618e-06,2.8737267517270887e-06,3.237880169641463e-08,23.337021350860596,1.9982025035657962,0.0,0.999999324270787,1.0
2d_signal,90,graph_15_Directed_with_Cycles_and_Loops_adj.txt,general,5,False,1.1658757993608101e-06,4.7539281869658717e-07,0.0006894873593450334,59.33347712463146,126.44205589161899,8.11626341861618e-06,2.8737267517270887e-06,3.237880169641463e-08,23.24862027168274,1.9982025035657962,0.0,0.999999324270787,1.0
2d_signal,90,graph_16_Directed_with_Cycles_and_Loops_adj.txt,general,10,False,9.243750251970965e-07,3.7700291185457967e-07,0.0006140056285202764,60.34151796820807,128.4581375787722,1.3249085210048908e-05,1.0992460668652753e-05,4.049602790530398e-07,2.6518402099609375,1.9982029394042509,0.0,0.9999994220226738,1.0000000000000002
2d_signal,90,graph_17_Directed_with_Cycles_and_Loops_adj.txt,general,15,False,1.2877787617421196e-06,5.250439939101668e-07,0.0007245991953557269,58.901587416404325,125.57827647516473,1.7909250473501224e-05,1.3444794499562291e-05,6.017381446627225e-07,1.8145041465759277,1.998202060638792,0.0,0.9999993433612194,1.0
2d_signal,90,graph_18_Directed_with_Cycles_and_Loops_adj.txt,general,15,False,1.302257174502105e-06,5.3094093156339e-07,0.0007286569368114119,58.85303241237871,125.4811664671135,1.793808427449379e-05,1.3490298907541955e-05,6.029408861190925e-07,1.8007397651672363,1.998202039902976,0.0,0.999999335784192,1.0
2d_signal,90,graph_19_Directed_with_Cycles_and_Loops_adj.txt,general,20,False,1.1854364012361182e-06,4.833596283996176e-07,0.0006952406981755438,59.26121740996734,126.29753646229075,2.819444591915761e-05,2.4045782655428982e-05,9.82199941933499e-07,1.4486596584320068,1.9982019252971481,0.0,0.9999994810956372,0.9999999999999999
2d_signal,90,graph_20_Directed_with_Cycles_and_Loops_adj.txt,general,25,False,5.151302066293949e-07,2.1018360900610066e-07,0.00045845785957501116,62.880829828551484,133.53676129945904,3.411318160045211e-05,3.697623360912938e-05,1.8171258636026462e-06,1.0775187015533447,1.9982031401272558,0.0,0.9999997274972342,1.0
2d_signal,90,graph_21_Star_with_Extra_Edges_adj.txt,general,5,False,1.1729589951002218e-06,4.782778483563271e-07,0.0006915763503448677,59.30717169907467,126.38944504050542,8.128426752204535e-06,2.8644093854187804e-06,3.3314897731911364e-08,23.468276739120483,1.9982024760172095,0.0,0.9999993259431587,0.9999999999999996
2d_signal,90,graph_22_Star_with_Extra_Edges_adj.txt,general,5,False,1.032522755491999e-06,4.2106757987258216e-07,0.0006488972028546449,59.861003682665185,127.49710900768642,8.03883768885182e-06,2.9296036383480045e-06,2.4208123008975572e-08,23.349985599517822,1.9982027611618423,0.0,0.9999993733930403,1.0000000000000002
2d_signal,90,graph_23_Star_with_Extra_Edges_adj.txt,general,10,True,1.2054660313750917e-06,4.9152834440177e-07,0.0007010908246452595,59.18845023025396,126.152002102864,1.2382822281683832e-05,1.13185517372564e-05,3.652921820890456e-07,2.5062451362609863,1.9982027277827514,0.0,0.9999992150163481,0.9999999999999998
2d_signal,90,graph_23_Star_with_Extra_Edges_adj.txt,dag,10,True,1.074822103846814e-06,4.3829883706464944e-07,0.0006620414164269857,59.686634108283826,127.14836985892373,1.252123332425163e-05,1.133944294450207e-05,3.762233690278849e-07,2.9899234771728516,1.998202604254337,0.0,0.999999380912803,1.0
2d_signal,90,graph_24_Star_with_Extra_Edges_adj.txt,general,15,False,1.29662513004747e-06,5.28647062473059e-07,0.0007270811938656225,58.87185565538002,125.5188129531161,1.7926952703687195e-05,1.3499012739878631e-05,6.026555818687241e-07,1.8892545700073242,1.9982020493519919,0.0,0.999999338306159,1.0
2d_signal,90,graph_25_Star_with_Extra_Edges_adj.txt,general,15,False,1.2875355576231936e-06,5.249449459984572e-07,0.0007245308454430751,58.90240768293525,125.57991700822657,1.7875691590512442e-05,1.3418094318234281e-05,5.988397241860229e-07,1.817220687866211,1.9982020637835614,0.0,0.9999993426254731,1.0
2d_signal,90,graph_26_Star_with_Extra_Edges_adj.txt,general,20,False,1.185361359950206e-06,4.833290350190929e-07,0.0006952186958210293,59.26149233865954,126.29808631967514,2.821458488871063e-05,2.4017708988881642e-05,9.804154915995927e-07,1.454554557800293,1.9982019271479303,0.0,0.9999994806172589,0.9999999999999998
2d_signal,90,graph_27_Star_with_Extra_Edges_adj.txt,general,25,False,5.387169240298432e-07,2.198012953909361e-07,0.0004688297083066901,62.68639380686977,133.14788925609562,3.363193531627863e-05,3.5566859206968057e-05,1.7526644154328024e-06,1.0820505619049072,1.998203160822001,0.0,0.9999997027347459,1.0
2d_signal,90,graph_28_Leafs_to_Final_Node_adj.txt,general,5,True,1.032522755491999e-06,4.2106757987258216e-07,0.0006488972028546449,59.861003682665185,127.49710900768642,8.03883768885182e-06,2.9296036383480045e-06,2.4208123008975572e-08,23.315560579299927,1.9982027611618423,0.0,0.9999993733930403,1.0000000000000002
2d_signal,90,graph_28_Leafs_to_Final_Node_adj.txt,dag,5,True,1.0889639688912015e-06,4.440596850773436e-07,0.0006663780346600146,59.62986489730546,127.034831436967,8.123794134071838e-06,2.8460474071924375e-06,3.268439073180113e-08,25.580039739608765,1.9982025523771265,0.0,0.9999993832469981,1.0
2d_signal,90,graph_29_Leafs_to_Final_Node_adj.txt,general,5,True,1.032522755491999e-06,4.2106757987258216e-07,0.0006488972028546449,59.861003682665185,127.49710900768642,8.03883768885182e-06,2.9296036383480045e-06,2.4208123008975572e-08,23.325697422027588,1.9982027611618423,0.0,0.9999993733930403,1.0000000000000002
2d_signal,90,graph_29_Leafs_to_Final_Node_adj.txt,dag,5,True,1.0889639688912015e-06,4.440596850773436e-07,0.0006663780346600146,59.62986489730546,127.034831436967,8.123794134071838e-06,2.8460474071924375e-06,3.268439073180113e-08,25.427931547164917,1.9982025523771265,0.0,0.9999993832469981,1.0
2d_signal,90,graph_30_Leafs_to_Final_Node_adj.txt,general,10,True,1.2054660313750917e-06,4.9152834440177e-07,0.0007010908246452595,59.18845023025396,126.152002102864,1.2382822281683832e-05,1.13185517372564e-05,3.652921820890456e-07,2.5403037071228027,1.9982027277827514,0.0,0.9999992150163481,0.9999999999999998
2d_signal,90,graph_30_Leafs_to_Final_Node_adj.txt,dag,10,True,1.074822103846814e-06,4.3829883706464944e-07,0.0006620414164269857,59.686634108283826,127.14836985892373,1.252123332425163e-05,1.133944294450207e-05,3.762233690278849e-07,2.9146387577056885,1.998202604254337,0.0,0.999999380912803,1.0
2d_signal,90,graph_31_Leafs_to_Final_Node_adj.txt,general,15,True,1.2938423760921453e-06,5.275136798661005e-07,0.0007263013698638468,58.88118628893784,125.53747422023176,1.7870944791449773e-05,1.3418376027487127e-05,5.997518179668015e-07,1.774526834487915,1.9982020566127945,0.0,0.9999993387509974,1.0
2d_signal,90,graph_31_Leafs_to_Final_Node_adj.txt,dag,15,True,1.2971207109988962e-06,5.288488888891126e-07,0.0007272199728342949,58.8701960627418,125.51549376783967,1.7938341105194278e-05,1.3500483940160678e-05,6.03911700486759e-07,2.0301926136016846,1.9982020414631545,0.0,0.9999993402641967,0.9999999999999998
2d_signal,90,graph_32_Leafs_to_Final_Node_adj.txt,general,15,True,1.2938423760921453e-06,5.275136798661005e-07,0.0007263013698638468,58.88118628893784,125.53747422023176,1.7870944791449773e-05,1.3418376027487127e-05,5.997518179668015e-07,1.8180766105651855,1.9982020566127945,0.0,0.9999993387509974,1.0
2d_signal,90,graph_32_Leafs_to_Final_Node_adj.txt,dag,15,True,1.2971207109988962e-06,5.288488888891126e-07,0.0007272199728342949,58.8701960627418,125.51549376783967,1.7938341105194278e-05,1.3500483940160678e-05,6.03911700486759e-07,2.0118484497070312,1.9982020414631545,0.0,0.9999993402641967,0.9999999999999998
2d_signal,90,graph_33_Leafs_to_Final_Node_adj.txt,general,20,True,1.1878605764006904e-06,4.843471034567167e-07,0.0006959505035968555,59.252345311168035,126.27979226469215,2.8151874813487172e-05,2.4088017841360605e-05,9.92178882311908e-07,1.476888656616211,1.9982019217505342,0.0,0.9999994799018687,1.0000000000000004
2d_signal,90,graph_33_Leafs_to_Final_Node_adj.txt,dag,20,True,1.1968838111090974e-06,4.88022685458211e-07,0.0006985862047437031,59.21948007190365,126.21406178616337,2.8161670673231585e-05,2.404351010431585e-05,9.8739960285943e-07,1.6786563396453857,1.9982019057933635,0.0,0.9999994762712525,1.0
2d_signal,90,graph_34_Leafs_to_Final_Node_adj.txt,general,25,True,5.19706004137527e-07,2.1204942832195377e-07,0.00046048824992821885,62.84242265765684,133.45994695766976,3.39474733216853e-05,3.645732994164353e-05,1.795124980754346e-06,1.1524102687835693,1.9982031395260904,0.0,0.9999997239324976,1.0
2d_signal,90,graph_34_Leafs_to_Final_Node_adj.txt,dag,25,True,4.6854979665387243e-07,1.9118997639751838e-07,0.00043725276030863247,63.29244246264474,134.35998656764556,3.602368221683314e-05,4.3601224149383263e-05,2.0872480534411066e-06,1.5010852813720703,1.9982029830820416,0.0,0.9999998033268961,0.9999999999999998
2d_signal,90,graph_35_Tree_with_Leaf_Connections_adj.txt,general,5,True,1.1729589951002218e-06,4.782778483563271e-07,0.0006915763503448677,59.30717169907467,126.38944504050542,8.128426752204535e-06,2.8644093854187804e-06,3.3314897731911364e-08,23.43458390235901,1.9982024760172095,0.0,0.9999993259431587,0.9999999999999996
2d_signal,90,graph_35_Tree_with_Leaf_Connections_adj.txt,dag,5,True,1.0889639688912015e-06,4.440596850773436e-07,0.0006663780346600146,59.62986489730546,127.034831436967,8.123794134071838e-06,2.8460474071924375e-06,3.268439073180113e-08,25.385074615478516,1.9982025523771265,0.0,0.9999993832469981,1.0
2d_signal,90,graph_36_Tree_with_Leaf_Connections_adj.txt,general,5,False,1.1729589951002218e-06,4.782778483563271e-07,0.0006915763503448677,59.30717169907467,126.38944504050542,8.128426752204535e-06,2.8644093854187804e-06,3.3314897731911364e-08,23.628282070159912,1.9982024760172095,0.0,0.9999993259431587,0.9999999999999996
2d_signal,90,graph_37_Tree_with_Leaf_Connections_adj.txt,general,10,False,1.205369325776841e-06,4.914889378647281e-07,0.0007010627203501325,59.18879864647896,126.15269893531399,1.238254345287004e-05,1.1318696430681298e-05,3.653121162129115e-07,2.525362491607666,1.9982027275630025,0.0,0.999999215182236,1.0000000000000004
2d_signal,90,graph_38_Tree_with_Leaf_Connections_adj.txt,general,15,False,1.2993349829858966e-06,5.297507341556877e-07,0.0007278397723095982,58.86278868551798,125.50067901339203,1.7931038039886994e-05,1.3505761067458531e-05,6.037671724762663e-07,1.795907974243164,1.9982020358165955,0.0,0.9999993398699475,1.0
2d_signal,90,graph_39_Tree_with_Leaf_Connections_adj.txt,general,15,False,1.2993349829858966e-06,5.297507341556877e-07,0.0007278397723095982,58.86278868551798,125.50067901339203,1.7931038039886994e-05,1.3505761067458531e-05,6.037671724762663e-07,1.7311022281646729,1.9982020358165955,0.0,0.9999993398699475,1.0
2d_signal,90,graph_40_Tree_with_Leaf_Connections_adj.txt,general,20,False,1.1963863012850914e-06,4.878197221294928e-07,0.0006984409224333099,59.22128568317377,126.21767300870361,2.81761925217729e-05,2.4085572876660752e-05,9.90611963449285e-07,1.4850835800170898,1.9982019280746812,0.0,0.9999994701199637,0.9999999999999999
2d_signal,90,graph_41_Tree_with_Leaf_Connections_adj.txt,general,25,False,6.695281409817208e-07,2.7313192193490445e-07,0.0005226202463882398,61.742311644081596,131.25972493051927,3.3533411294294947e-05,3.661434881777232e-05,1.8303914179482961e-06,1.0562224388122559,1.998202756915973,0.0,0.9999997013157592,0.9999999999999998
2d_signal,90,graph_42_Bidirectional_adj.txt,general,5,False,9.727440300112226e-07,3.96712067978707e-07,0.0006298508299420641,60.120014258967615,128.0151301602913,8.118147158945224e-06,2.8383860047158854e-06,2.608305921065722e-08,23.769753217697144,1.9982028770151186,0.0,0.9999993950920281,1.0
2d_signal,90,graph_43_Bidirectional_adj.txt,general,5,False,9.795474409135717e-07,3.994839634511553e-07,0.0006320474376588796,60.08974525643673,127.95459215522953,8.118638106809385e-06,2.8364813181143237e-06,2.6491300192709636e-08,23.224493741989136,1.998202860377126,0.0,0.9999993936794946,0.9999999999999998
2d_signal,90,graph_44_Bidirectional_adj.txt,general,10,False,8.983404286756115e-07,3.6639471252751654e-07,0.000605305470425897,60.46559055004887,128.70628274245382,1.3238760742664868e-05,1.091722915243768e-05,4.0595880991355e-07,2.526054620742798,1.9982029999763624,0.0,0.9999994283130422,0.9999999999999998
2d_signal,90,graph_45_Bidirectional_adj.txt,general,15,False,1.2872185248994584e-06,5.248158008234295e-07,0.0007244417166504352,58.903477187507605,125.58205601737127,1.7891304482114098e-05,1.3433660227365834e-05,6.011344706996985e-07,1.9646618366241455,1.998202057179507,0.0,0.9999993449686972,0.9999999999999999
2d_signal,90,graph_46_Bidirectional_adj.txt,general,15,False,1.2984955026295034e-06,5.294088091976718e-07,0.0007276048441274094,58.86559550221488,125.50629264678584,1.794525257113893e-05,1.3518151282568324e-05,6.042846607059588e-07,1.8427095413208008,1.9982020307573904,0.0,0.9999993422422324,1.0
2d_signal,90,graph_47_Bidirectional_adj.txt,general,20,False,1.183952021489116e-06,4.827549962305225e-07,0.0006948057255309016,59.266658966204616,126.30841957476531,2.8210873232671552e-05,2.4036199735446263e-05,9.838908509443245e-07,1.4558579921722412,1.9982019258767645,0.0,0.9999994822974028,1.0
2d_signal,90,graph_48_Bidirectional_adj.txt,general,25,False,5.782787586603489e-07,2.359314160158076e-07,0.00048572771798180057,62.37862759911558,132.53235684058725,3.3479233997375596e-05,3.5591074991145874e-05,1.7570929020732361e-06,1.0802593231201172,1.998203091554682,0.0,0.9999996882370935,0.9999999999999997
